segment_id,start_time,end_time,start_seconds,end_seconds,duration,text
1,"00:00:01,240","00:00:03,520",1.24,3.52,2.2800000000000002,Noch hat Merz nicht verloren -
2,"00:00:03,560","00:00:06,600",3.56,6.6,3.0399999999999996,aber das Land schon wieder ein halbes Jahr.
3,"00:00:07,240","00:00:10,600",7.24,10.6,3.3599999999999994,So urteilen Ökonomen über den Rentenbeschluss.
4,"00:00:11,240","00:00:14,760",11.24,14.76,3.5199999999999996,Junge Leute aus der Unions-Fraktion sind wütend.
5,"00:00:15,120","00:00:18,920",15.12,18.92,3.8000000000000025,Ihre Generation müsse einen zu hohen Preis bezahlen.
6,"00:00:18,960","00:00:23,200",18.96,23.2,4.239999999999998,Vor der Abstimmung im Bundestag müssen wir Jens Spahn fragen:
7,"00:00:23,240","00:00:26,120",23.24,26.12,2.8800000000000026,Steht die Mehrheit für das Rentenpaket?
8,"00:00:26,520","00:00:29,800",26.52,29.8,3.280000000000001,Der Unions-Fraktionsvorsitzende ist unser Gast.
9,"00:00:29,840","00:00:32,680",29.84,32.68,2.84,Später ist Eva Quadbeck in der Sendung.
10,"00:00:32,720","00:00:36,640",32.72,36.64,3.9200000000000017,Sie ist Chefredakteurin beim Redaktionsnetzwerk Deutschland.
11,"00:00:36,680","00:00:39,040",36.68,39.04,2.3599999999999994,Und auch Clemens Fuest ist da.
12,"00:00:39,080","00:00:41,720",39.08,41.72,2.6400000000000006,Er ist Präsident des ifo-Instituts.
13,"00:00:41,760","00:00:43,680",41.76,43.68,1.9200000000000017,Ich begrüße unser Publikum.
14,"00:00:47,680","00:00:51,080",47.68,51.08,3.3999999999999986,Diese Sendung wurde vom NDR live untertitelt (30.11.2025)
15,"00:00:53,280","00:00:55,680",53.28,55.68,2.3999999999999986,"Guten Abend. Guten Abend, Frau Miosga."
16,"00:00:56,480","00:01:00,200",56.48,60.2,3.720000000000006,Sie sind mit 22 Jahren in den Bundestag eingezogen.
17,"00:01:00,240","00:01:04,240",60.24,64.24,3.999999999999993,Würden Sie heute als 22-Jähriger den Widerstand unterstützen?
18,"00:01:06,600","00:01:08,960",66.6,68.96000000000001,2.3600000000000136,Ich wäre in der Jungen Gruppe.
19,"00:01:13,960","00:01:17,960",73.96000000000001,77.96000000000001,4.0,Ich würde mich in der Diskussion mit den Kollegen einbringen.
20,"00:01:22,080","00:01:24,600",82.08,84.6,2.519999999999996,Ich verstehe das Anliegen sehr gut.
21,"00:01:24,680","00:01:28,320",84.68,88.32,3.6399999999999864,Es muss für die Generationen gerecht zugehen.
22,"00:01:30,320","00:01:35,120",90.32,95.12,4.800000000000011,In den 30er-Jahre gehen geburtenstarke Jahrgänge in Rente.
23,"00:01:35,200","00:01:37,960",95.2,97.96000000000001,2.760000000000005,Darauf ist das System nicht vorbereitet.
24,"00:01:38,160","00:01:40,440",98.16,100.44,2.280000000000001,"Könnten Sie sich vorstellen,"
25,"00:01:40,480","00:01:44,400",100.47999999999999,104.4,3.920000000000016,dass sich die jungen Leute am frühen Jens Spahn orientieren?
26,"00:01:49,520","00:01:52,240",109.52000000000001,112.24000000000001,2.719999999999999,Er hat auch gegen Merkel protestiert.
27,"00:01:55,040","00:01:58,520",115.03999999999999,118.52000000000001,3.480000000000018,"Ich finde gut, dass wir eine Junge Gruppe haben."
28,"00:01:59,120","00:02:02,880",119.12,122.88,3.759999999999991,"Die jungen Leute bringen sich ein, sind engagiert."
29,"00:02:02,960","00:02:05,560",122.96,125.56,2.6000000000000085,Sie machen das sehr konstruktiv.
30,"00:02:10,320","00:02:13,800",130.32,133.8,3.480000000000018,Wir können stolz auf unsere jungen Leute sein.
31,"00:02:16,920","00:02:21,240",136.92000000000002,141.24,4.319999999999993,Damals wie heute sehen die Kollegen auch immer die Sachfrage.
32,"00:02:26,840","00:02:30,680",146.84,150.68,3.8400000000000034,"Es ist auch die Frage, was das mit der Koalition macht."
33,"00:02:31,040","00:02:33,400",151.04,153.4,2.3600000000000136,Wie ist die Gesamtschau darauf?
34,"00:02:33,440","00:02:35,360",153.44,155.36,1.920000000000016,Das müssen wir abwägen.
35,"00:02:36,680","00:02:38,240",156.68,158.24,1.5600000000000023,Wir blicken zurück:
36,"00:02:38,280","00:02:41,560",158.28,161.56,3.280000000000001,Sie waren damals Mitglied der Jungen Gruppe.
37,"00:02:41,960","00:02:45,080",161.96,165.07999999999998,3.119999999999976,Sie waren 2008 in der Sendung von Anne Will.
38,"00:02:48,080","00:02:51,080",168.07999999999998,171.07999999999998,3.0,Sie waren 2007 bei Sabine Christiansen.
39,"00:02:54,880","00:02:58,640",174.88,178.64,3.759999999999991,Jens Spahn fordert für die Jungen mehr Gerechtigkeit.
40,"00:03:01,840","00:03:03,840",181.84,183.84,2.0,"Ich wär ja froh gewesen,"
41,"00:03:03,880","00:03:08,080",183.88,188.08,4.200000000000017,wenn sich 1980 einige Menschen über 2030 Gedanken gemacht hätten.
42,"00:03:08,120","00:03:11,480",188.12,191.48,3.359999999999985,"Ich wundere mich manchmal, wer sich laut aufregt."
43,"00:03:11,520","00:03:14,320",191.52,194.32,2.799999999999983,Die sind nicht unbedingt betroffen.
44,"00:03:14,360","00:03:18,200",194.36,198.2,3.839999999999975,"Es ist meine Generation, die bis 67 wird arbeiten müssen."
45,"00:03:18,240","00:03:21,720",198.24,201.72,3.4799999999999898,Es ist jungen Menschen damals nicht gesagt worden.
46,"00:03:21,760","00:03:24,240",201.76,204.24,2.480000000000018,"Die Betroffenen konnten wissen,"
47,"00:03:24,280","00:03:27,760",204.28,207.76,3.4799999999999898,wie die demografische Entwicklung sein wird.
48,"00:03:27,800","00:03:30,880",207.8,210.88,3.079999999999984,Man hat die Rente als sicher plakatiert.
49,"00:03:30,920","00:03:33,920",210.92000000000002,213.92000000000002,3.0,"Nichtsdestotrotz müssen wir uns Gedanken machen,"
50,"00:03:33,960","00:03:37,480",213.96,217.48,3.519999999999982,wie wir das Erreichte in 20 Jahren sichern können.
51,"00:03:38,680","00:03:42,120",218.68,222.12,3.4399999999999977,Dann kommen auf einen Rentner drei Beitragszahler.
52,"00:03:42,160","00:03:44,000",222.16,224.0,1.8400000000000034,2030 sind das zwei ...
53,"00:03:44,040","00:03:47,680",224.04,227.68,3.640000000000015,Die Entwicklung wird weiter in diese Richtung gehen.
54,"00:03:47,720","00:03:50,720",227.72,230.72,3.0,Da können Sie zehn Rentenreformen machen.
55,"00:03:54,520","00:03:56,320",234.52,236.32,1.799999999999983,Das ist 17 Jahre her.
56,"00:04:00,080","00:04:02,480",240.08,242.48,2.3999999999999773,"Wie schmerzhaft ist es für Sie,"
57,"00:04:02,520","00:04:06,280",242.52,246.28,3.759999999999991,"dass Sie derjenige sind, der diese Jungen ausbremsen muss?"
58,"00:04:07,480","00:04:09,480",247.48,249.48,2.0,Die Debatte ist wichtig.
59,"00:04:12,040","00:04:15,320",252.04,255.32,3.280000000000001,"Wir müssen lernen, die Debatten auszuhalten."
60,"00:04:15,720","00:04:18,440",255.72,258.44,2.719999999999999,Es ist einiges passiert seither.
61,"00:04:20,600","00:04:23,320",260.6,263.32,2.7199999999999704,Wir haben die Rente ab 67 seither.
62,"00:04:26,240","00:04:30,040",266.24,270.04,3.8000000000000114,Wir haben zuletzt zu wenig getan in der Rentenpolitik.
63,"00:04:32,840","00:04:34,640",272.84000000000003,274.64,1.7999999999999545,"Es ist wichtig,"
64,"00:04:34,680","00:04:38,400",274.68,278.4,3.7199999999999704,dass wir mit dem Rentenpaket so nicht stehen bleiben.
65,"00:04:38,440","00:04:41,480",278.44,281.48,3.0400000000000205,Jetzt habe ich aber eine andere Aufgabe.
66,"00:04:50,280","00:04:53,320",290.28,293.32,3.0400000000000205,"Ist es nicht lustig, wenn Sie das sehen?"
67,"00:04:55,320","00:04:59,320",295.32,299.32,4.0,Sie sind groß geworden mit Protest gegen die Rentenpolitik.
68,"00:04:59,360","00:05:03,040",299.36,303.04,3.680000000000007,Jetzt müssen Sie junge Leute vom Gegenteil überzeugen.
69,"00:05:03,080","00:05:05,960",303.08,305.96,2.8799999999999955,Ich habe in der Diskussion gestanden.
70,"00:05:06,000","00:05:09,640",306.0,309.64,3.6399999999999864,Ich hab aber immer auf das große Ganze geschaut.
71,"00:05:11,480","00:05:13,360",311.48,313.36,1.8799999999999955,"Man muss immer schauen,"
72,"00:05:13,400","00:05:16,240",313.4,316.24,2.840000000000032,welche Folgen das Stimmverhalten hat.
73,"00:05:18,920","00:05:21,880",318.92,321.88,2.9599999999999795,"Hat die Koalition viele Mitglieder mehr,"
74,"00:05:21,920","00:05:24,360",321.92,324.36,2.4399999999999977,als für die Mehrheit nötig ist:
75,"00:05:24,400","00:05:26,200",324.4,326.2,1.8000000000000114,Dann ist es leichter.
76,"00:05:33,400","00:05:35,880",333.4,335.88,2.480000000000018,Ich führe jetzt viele Gespräche.
77,"00:05:36,880","00:05:39,760",336.88,339.76,2.8799999999999955,Die Kollegen ringen stark um die Frage.
78,"00:05:41,960","00:05:45,080",341.96,345.08,3.1200000000000045,Es geht um die Folgekosten der Rentenpolitik.
79,"00:05:45,280","00:05:47,280",345.28,347.28,2.0,Da melden sie Kritik an.
80,"00:05:48,280","00:05:52,240",348.28,352.24,3.9600000000000364,"Die Frage ist, ob die Koalition eine Mehrheit hat."
81,"00:05:55,440","00:05:57,240",355.44,357.24,1.8000000000000114,Die hat eine Folge.
82,"00:05:58,440","00:06:01,440",358.44,361.44,3.0,Wir sind im dritten Jahr der Rezession.
83,"00:06:01,480","00:06:03,440",361.48,363.44,1.9599999999999795,Die Wirtschaft schrumpft.
84,"00:06:04,440","00:06:07,320",364.44,367.32,2.8799999999999955,Europa ist nicht in einer stabilen Lage.
85,"00:06:07,360","00:06:09,520",367.36,369.52,2.159999999999968,Jede Abstimmung hat Folgen.
86,"00:06:10,520","00:06:12,320",370.52,372.32,1.8000000000000114,Wie überzeugen Sie?
87,"00:06:13,520","00:06:15,920",373.52,375.92,2.400000000000034,Es ist eine Machtfrage geworden.
88,"00:06:19,320","00:06:23,600",379.32,383.6,4.28000000000003,Wie überzeugen Sie junge Leute gegen deren innere Haltung?
89,"00:06:23,640","00:06:26,320",383.64,386.32,2.680000000000007,Wir diskutieren auch in der Sache.
90,"00:06:27,520","00:06:32,000",387.52,392.0,4.480000000000018,"Es gibt das Rentenpaket eins, das wichtige Veränderungen macht."
91,"00:06:33,800","00:06:36,360",393.8,396.36,2.5600000000000023,Es führt die Kapitaldeckung ein.
92,"00:06:36,480","00:06:39,960",396.48,399.96,3.4799999999999613,Das haben wir in der Union immer gefordert.
93,"00:06:44,560","00:06:47,520",404.56,407.52,2.9599999999999795,Es gibt im Paket strukturelle Erneuerungen.
94,"00:06:49,280","00:06:52,160",409.28,412.15999999999997,2.8799999999999955,Aktuell ist aber mehr nicht möglich.
95,"00:06:52,480","00:06:55,960",412.48,415.96,3.4799999999999613,Aber es gibt ein Fenster für Möglichkeiten -
96,"00:06:56,000","00:06:59,280",416.0,419.28,3.2799999999999727,auch durch die Argumentation der Jungen Gruppe.
97,"00:07:00,280","00:07:04,160",420.28,424.16,3.8800000000000523,Die Rentenkommission muss jetzt schneller arbeiten.
98,"00:07:05,560","00:07:08,600",425.56,428.6,3.0400000000000205,Sie muss im Juni schon Ergebnisse liefern.
99,"00:07:11,000","00:07:13,840",431.0,433.84,2.839999999999975,"Da geht es nicht darum, nur zu reden."
100,"00:07:14,840","00:07:18,880",434.84,438.88,4.0400000000000205,Nach der Debatte kann man nicht zur Tagesordnung übergehen.
101,"00:07:18,920","00:07:21,080",438.92,441.08,2.159999999999968,Wir warten auf Vorschläge.
102,"00:07:21,880","00:07:26,040",441.88,446.04,4.160000000000025,Wie zufrieden ist die Junge Gruppe mit den Vorschlägen?
103,"00:07:28,160","00:07:31,040",448.16,451.04,2.8799999999999955,"Sie ringen mit sich, viele Kollegen."
104,"00:07:31,840","00:07:34,920",451.84,454.92,3.080000000000041,Und zwar nicht nur in der Jungen Gruppe.
105,"00:07:35,680","00:07:40,120",455.68,460.12,4.439999999999998,Wie viele Abweichler würde es geben? Wir warten die Diskussion ab.
106,"00:07:46,960","00:07:50,720",466.96,470.72,3.7600000000000477,"Alle schauen auf die Sachfrage, auf das gesamte Paket."
107,"00:07:50,840","00:07:52,440",470.84000000000003,472.44,1.599999999999966,Auf die Balance.
108,"00:07:53,960","00:07:56,960",473.96,476.96,3.0,Wir sind in einer Koalition mit der SPD.
109,"00:08:01,360","00:08:05,600",481.36,485.6,4.240000000000009,"Das Thema ""Rente"" ist wichtig in der Koalition mit der SPD."
110,"00:08:07,000","00:08:10,880",487.0,490.88,3.8799999999999955,Für uns ist es die Beschränkung der illegalen Migration -
111,"00:08:10,920","00:08:13,200",490.92,493.2,2.2799999999999727,und das Wirtschaftswachstum.
112,"00:08:16,200","00:08:18,960",496.2,498.96,2.759999999999991,Wir entscheiden aber nicht allein.
113,"00:08:19,360","00:08:22,560",499.36,502.56,3.1999999999999886,Man muss schwierige Kompromisse mittragen.
114,"00:08:22,640","00:08:25,440",502.64,505.44,2.8000000000000114,Man muss die Erkenntnisse abwägen.
115,"00:08:26,040","00:08:29,800",506.04,509.8,3.759999999999991,Man musste von der Sache gar nicht ganz überzeugt sein.
116,"00:08:29,920","00:08:32,360",509.92,512.36,2.4399999999999977,Man muss es dann trotzdem mittragen.
117,"00:08:32,400","00:08:34,560",512.4,514.56,2.159999999999968,Wie überzeugen Sie sie denn?
118,"00:08:34,600","00:08:38,640",514.6,518.64,4.039999999999964,"Ich trage die Argumente vor, wir reden miteinander."
119,"00:08:40,760","00:08:42,560",520.76,522.56,1.7999999999999545,Ich stelle die Frage:
120,"00:08:42,600","00:08:46,120",522.6,526.12,3.519999999999982,Wie soll aus einer Ablehnung des Rentenpakets
121,"00:08:46,160","00:08:49,040",526.16,529.04,2.8799999999999955,eine größere Reformfähigkeit entstehen?
122,"00:09:00,760","00:09:04,600",540.76,544.6,3.840000000000032,"Wir können nicht weitermachen, als wäre nichts gewesen."
123,"00:09:04,640","00:09:08,040",544.64,548.04,3.3999999999999773,"Wir haben noch viel, was wir parallel machen."
124,"00:09:08,840","00:09:11,560",548.84,551.56,2.7199999999999136,Die Situation im Bundestag zeigt:
125,"00:09:11,600","00:09:14,400",551.6,554.4,2.7999999999999545,Es gibt keine Alternative zur Koalition.
126,"00:09:14,520","00:09:18,000",554.52,558.0,3.480000000000018,"Ich werbe dafür, die Gesamtschau zu machen."
127,"00:09:18,600","00:09:21,720",558.6,561.72,3.1200000000000045,Haben Sie persönliche Konsequenzen angedroht?
128,"00:09:21,760","00:09:23,160",561.76,563.16,1.3999999999999773,Nein.
129,"00:09:28,160","00:09:31,040",568.16,571.04,2.8799999999999955,Ich gehe nochmals zum Spahn von 2008:
130,"00:09:31,080","00:09:34,240",571.08,574.24,3.159999999999968,Sie haben gegen die schwarz-rote Koalition
131,"00:09:34,280","00:09:37,480",574.28,577.48,3.2000000000000455,und gegen deren Rentenpolitik protestiert.
132,"00:09:37,880","00:09:40,680",577.88,580.68,2.7999999999999545,Sie haben die Senioren-Union genervt.
133,"00:09:47,480","00:09:49,480",587.48,589.48,2.0,Das Zitat kenne ich noch:
134,"00:09:49,520","00:09:53,480",589.52,593.48,3.9600000000000364,"""Man muss den Jens Spahn unangespitzt in den Boden rammen."""
135,"00:10:00,480","00:10:02,720",600.48,602.72,2.240000000000009,Das hat sie eingeschüchtert?
136,"00:10:05,920","00:10:08,680",605.92,608.68,2.759999999999991,"Es gab eine Bewegung, die dazu aufrief,"
137,"00:10:08,720","00:10:11,000",608.72,611.0,2.2799999999999727,mich nicht wieder aufzustellen.
138,"00:10:11,040","00:10:12,840",611.04,612.84,1.8000000000000682,Ich bin hingefahren.
139,"00:10:12,880","00:10:15,400",612.88,615.4,2.519999999999982,Ich habe gekämpft und argumentiert.
140,"00:10:15,480","00:10:18,880",615.48,618.88,3.3999999999999773,Und ich habe die Kollegen überzeugen können.
141,"00:10:20,280","00:10:24,040",620.28,624.04,3.759999999999991,Aber in den Gesprächen spielen wir Szenarien durch -
142,"00:10:24,080","00:10:27,800",624.08,627.8,3.7199999999999136,"auch, was das für die Partei und die Koalition heißt."
143,"00:10:31,800","00:10:35,680",631.8,635.68,3.8799999999999955,"Keiner von uns sitzt da, weil er ein Einzelner ist."
144,"00:10:36,280","00:10:39,120",636.28,639.12,2.840000000000032,Wir sind als Parteien gewählt worden.
145,"00:10:41,120","00:10:45,080",641.12,645.08,3.9600000000000364,Diese Verantwortung geht über die einzelne Person hinaus.
146,"00:10:50,480","00:10:54,200",650.48,654.2,3.7200000000000273,"Sie wussten, dass es die Vorwürfe seit 2008 gibt."
147,"00:10:55,800","00:10:58,920",655.8,658.92,3.1200000000000045,"Junge Abgeordnete soll es gegeben haben,"
148,"00:10:58,960","00:11:02,240",658.96,662.24,3.2799999999999727,"die gesagt haben, dass Sie gedroht haben,"
149,"00:11:02,280","00:11:06,080",662.28,666.08,3.800000000000068,dass sie auf hinteren Listenplätzen landen könnten.
150,"00:11:10,280","00:11:13,640",670.28,673.64,3.3600000000000136,Haben Sie damit gedroht? Nicht so konkret.
151,"00:11:17,840","00:11:20,440",677.84,680.44,2.6000000000000227,Ich führe persönliche Gespräche.
152,"00:11:20,640","00:11:23,520",680.64,683.52,2.8799999999999955,Darüber rede ich nicht hier mit Ihnen.
153,"00:11:24,320","00:11:27,400",684.32,687.4,3.0799999999999272,Ich führe freundliche und klare Gespräche.
154,"00:11:34,200","00:11:38,280",694.2,698.28,4.079999999999927,"Aber Sie haben nicht dementiert, dass Sie das gesagt haben."
155,"00:11:38,480","00:11:41,520",698.48,701.52,3.0399999999999636,Das habe ich nicht so konkret gemacht.
156,"00:11:42,920","00:11:46,600",702.92,706.6,3.6800000000000637,Haben Sie das angedeutet? Ich skizzierte sehr klar.
157,"00:11:50,600","00:11:53,960",710.6,713.96,3.3600000000000136,Im persönlichen Gespräch und auch bei Ihnen.
158,"00:11:57,880","00:12:01,120",717.88,721.12,3.240000000000009,"In der Sachfrage, was Rentenpolitik ist ..."
159,"00:12:07,120","00:12:11,120",727.12,731.12,4.0,Für den Koalitionspartner ist Rente das entscheidende Thema.
160,"00:12:14,520","00:12:18,120",734.52,738.12,3.6000000000000227,Jetzt geht es um die Zusammenarbeit in der Regierung.
161,"00:12:18,160","00:12:20,120",738.16,740.12,1.9600000000000364,Dazu gibt es dann Debatten.
162,"00:12:20,320","00:12:22,120",740.32,742.12,1.7999999999999545,Das ist normal.
163,"00:12:23,920","00:12:27,240",743.92,747.24,3.32000000000005,Zur Demokratie gehören auch strittige Debatten.
164,"00:12:27,360","00:12:30,560",747.36,750.56,3.199999999999932,Aber die Debatte muss zur Entscheidung kommen.
165,"00:12:30,640","00:12:33,160",750.64,753.16,2.519999999999982,Jede Entscheidung hat aber Folgen.
166,"00:12:33,240","00:12:36,120",753.24,756.12,2.8799999999999955,Von denen kann sich keiner freimachen.
167,"00:12:38,320","00:12:41,280",758.32,761.28,2.9599999999999227,Es sind genau 18 Leute in der Jungen Gruppe.
168,"00:12:41,360","00:12:43,760",761.36,763.76,2.3999999999999773,Wir sehen die auf einem Foto.
169,"00:12:44,880","00:12:48,840",764.88,768.84,3.9600000000000364,Wie viele haben Sie überzeugt? Das war ein netter Versuch.
170,"00:12:52,280","00:12:55,400",772.28,775.4,3.1200000000000045,Die Gespräche führen wir in diesen Tagen.
171,"00:12:56,000","00:12:58,160",776.0,778.16,2.159999999999968,Ich sehe jetzt die Kollegen.
172,"00:13:01,560","00:13:05,760",781.56,785.76,4.2000000000000455,Wir haben starke und neue Kollegen über diese Gruppe hinaus.
173,"00:13:05,800","00:13:08,680",785.8,788.68,2.8799999999999955,Die sind neu in den Bundestag eingezogen.
174,"00:13:10,280","00:13:12,920",790.28,792.92,2.6399999999999864,Das ist eine echt gute Mannschaft.
175,"00:13:13,520","00:13:16,400",793.52,796.4,2.8799999999999955,Alle haben inhaltliche Schwerpunkte.
176,"00:13:18,200","00:13:22,520",798.2,802.52,4.319999999999936,Aber wir müssen im Mannschaftsspiel miteinander unterwegs sein.
177,"00:13:22,920","00:13:26,160",802.92,806.16,3.240000000000009,Ich würde es gern für die Zuschauer erklären.
178,"00:13:26,240","00:13:30,000",806.24,810.0,3.759999999999991,Für das Rentenpaket braucht es eine einfache Mehrheit.
179,"00:13:30,120","00:13:31,920",810.12,811.92,1.7999999999999545,316 Stimmen wären das.
180,"00:13:34,400","00:13:37,800",814.4,817.8,3.3999999999999773,Die Koalition hat 310 ohne die Junge Gruppe.
181,"00:13:38,960","00:13:42,440",818.96,822.44,3.480000000000018,"Sie brauchen sechs Leute, die mit ""Ja"" stimmen."
182,"00:13:43,200","00:13:46,880",823.2,826.88,3.67999999999995,Sind Sie in der Nähe? Wieder ein netter Versuch.
183,"00:13:48,280","00:13:51,120",828.28,831.12,2.840000000000032,Dienstag haben wir Fraktionssitzung.
184,"00:13:51,400","00:13:54,200",831.4,834.2,2.800000000000068,Es ist eine reguläre Sitzungswoche.
185,"00:13:54,360","00:13:57,320",834.36,837.32,2.9600000000000364,Darüber werden wir dann diskutieren.
186,"00:13:59,520","00:14:03,600",839.52,843.6,4.080000000000041,"Am Dienstag sehen wir, wie das Bild in der Fraktion ist."
187,"00:14:07,000","00:14:10,880",847.0,850.88,3.8799999999999955,Zu jedem Gesetz machen wir vorher eine Abstimmung.
188,"00:14:10,920","00:14:14,560",850.92,854.56,3.6399999999999864,"Meistens sagen die meisten, dass sie das mittragen."
189,"00:14:14,760","00:14:17,720",854.76,857.72,2.9600000000000364,Aber manchmal wird auch strittig abgestimmt.
190,"00:14:17,920","00:14:20,520",857.92,860.52,2.6000000000000227,Es gibt eine normale Erwartung.
191,"00:14:23,920","00:14:28,360",863.92,868.36,4.440000000000055,"Wenn Sie in der Familie abstimmen, wohin es in den Urlaub geht,"
192,"00:14:28,400","00:14:31,280",868.4,871.28,2.8799999999999955,sollten auch alle dem Ergebnis folgen.
193,"00:14:31,320","00:14:33,200",871.32,873.2,1.8799999999999955,So ist es auch bei uns.
194,"00:14:34,400","00:14:37,280",874.4,877.28,2.8799999999999955,Sie führen also noch viele Gespräche.
195,"00:14:43,280","00:14:46,240",883.28,886.24,2.9600000000000364,"Es ist zu hören, dass das freundlich ist."
196,"00:14:49,040","00:14:52,600",889.04,892.6,3.560000000000059,"Gemütlich zu Hause bei Ihnen, mit Pizza und Wein."
197,"00:14:52,720","00:14:55,600",892.72,895.6,2.8799999999999955,Das stand schon in der Zeitung so.
198,"00:15:02,160","00:15:04,240",902.16,904.24,2.080000000000041,Das ist also nicht geheim.
199,"00:15:06,920","00:15:10,320",906.92,910.32,3.400000000000091,Wir führen freundliche und klare Gespräche.
200,"00:15:10,920","00:15:14,440",910.92,914.44,3.5200000000000955,Das machen Sie in der Redaktion sicher auch.
201,"00:15:14,920","00:15:18,840",914.92,918.84,3.9200000000000728,"Waren die alle schon bei Ihnen? Nein, alle noch nicht."
202,"00:15:22,840","00:15:26,640",922.84,926.64,3.7999999999999545,"Haben Sie schon einen überzeugt, außer Philipp Amthor?"
203,"00:15:26,680","00:15:28,480",926.68,928.48,1.8000000000000682,Frau Miosga ...
204,"00:15:37,720","00:15:41,960",937.72,941.96,4.240000000000009,Die Gruppe hat seit Juni gegen den Kompromiss protestiert.
205,"00:15:43,080","00:15:46,560",943.08,946.56,3.4799999999999045,Jetzt riskieren sie einen öffentlichen Showdown.
206,"00:15:50,800","00:15:54,320",950.8,954.32,3.5200000000000955,Warum haben Sie die nicht vorher ernster genommen?
207,"00:15:55,520","00:15:58,560",955.52,958.56,3.0399999999999636,Die fühlten sich nicht ernst genommen.
208,"00:16:00,760","00:16:04,160",960.76,964.16,3.3999999999999773,"Ich akzeptiere, dass wir Manöverkritik machen."
209,"00:16:04,280","00:16:07,160",964.28,967.16,2.8799999999999955,"In der Fraktion, in der Regierung."
210,"00:16:08,280","00:16:11,560",968.28,971.56,3.2799999999999727,Die macht man meistens nach dem Manöver.
211,"00:16:14,680","00:16:16,760",974.68,976.76,2.080000000000041,Es gab schon ein Manöver.
212,"00:16:19,520","00:16:23,680",979.52,983.68,4.159999999999968,Die erste Mehrheit ging verloren bei der Richterwahl.
213,"00:16:27,320","00:16:29,120",987.32,989.12,1.7999999999999545,Da war es verpatzt.
214,"00:16:30,480","00:16:33,360",990.48,993.36,2.8799999999999955,Daraus hätte man etwas lernen können.
215,"00:16:36,360","00:16:38,240",996.36,998.24,1.8799999999999955,"Man hätte sagen können,"
216,"00:16:38,280","00:16:42,320",998.28,1002.32,4.040000000000077,dass man vor dem Beschluss intensiv in die Fraktion hört.
217,"00:16:42,440","00:16:45,520",1002.44,1005.52,3.0799999999999272,Wir haben natürlich schon Gespräche geführt.
218,"00:16:45,600","00:16:48,160",1005.6,1008.16,2.5599999999999454,Der Kabinettsentwurf wurde verändert.
219,"00:16:48,280","00:16:50,080",1008.28,1010.08,1.8000000000000682,Es wurde überprüft.
220,"00:16:54,400","00:16:58,760",1014.4,1018.76,4.360000000000014,2029 soll auf die wirtschaftliche Entwicklung geschaut werden.
221,"00:16:58,840","00:17:02,480",1018.84,1022.48,3.6399999999999864,Auf der Basis sollen Maßnahmen vorgeschlagen werden.
222,"00:17:02,600","00:17:05,120",1022.6,1025.12,2.519999999999868,Damit das auch getragen werden kann.
223,"00:17:05,240","00:17:08,640",1025.24,1028.64,3.400000000000091,Auch danach haben Gespräche stattgefunden.
224,"00:17:08,720","00:17:11,200",1028.72,1031.2,2.480000000000018,Es gab unterschiedliche Signale.
225,"00:17:13,360","00:17:16,560",1033.36,1036.56,3.2000000000000455,Diese Dinge arbeite ich aber nicht hier ab.
226,"00:17:16,760","00:17:18,360",1036.76,1038.36,1.599999999999909,Das verstehe ich.
227,"00:17:19,480","00:17:21,640",1039.48,1041.64,2.160000000000082,Aber eines ist mir wichtig.
228,"00:17:26,280","00:17:29,080",1046.28,1049.08,2.7999999999999545,Nicht jede Debatte ist ein Problem.
229,"00:17:29,200","00:17:31,160",1049.2,1051.16,1.9600000000000364,Es ist auch keine Krise.
230,"00:17:32,760","00:17:35,960",1052.76,1055.96,3.2000000000000455,Wir müssen Debatten führen und aushalten.
231,"00:17:36,120","00:17:38,960",1056.12,1058.96,2.8400000000001455,"Debatte darüber, wie die Dinge laufen."
232,"00:17:39,080","00:17:41,720",1059.08,1061.72,2.6400000000001,"Darüber, was in der Sache passiert."
233,"00:17:41,840","00:17:44,760",1061.84,1064.76,2.9200000000000728,Das ist der demokratische Prozess.
234,"00:17:44,920","00:17:46,960",1064.92,1066.96,2.0399999999999636,Aber wir müssen festhalten:
235,"00:17:54,000","00:17:58,040",1074.0,1078.04,4.039999999999964,Das zweite Mal im halben Jahr nach der Richter-Wahl
236,"00:17:59,720","00:18:03,840",1079.72,1083.84,4.119999999999891,können Sie eine Mehrheit in der Fraktion nicht garantieren.
237,"00:18:04,000","00:18:06,920",1084.0,1086.92,2.9200000000000728,Wir haben das schon mal besprochen.
238,"00:18:11,240","00:18:13,840",1091.24,1093.84,2.599999999999909,Die neue Richterin wurde gewählt.
239,"00:18:17,160","00:18:20,360",1097.16,1100.36,3.199999999999818,"Wenn das schiefgeht, gibt es eine Krise."
240,"00:18:20,480","00:18:23,120",1100.48,1103.12,2.6399999999998727,Wir haben nun eine gute Richterin gewählt.
241,"00:18:23,240","00:18:25,040",1103.24,1105.04,1.7999999999999545,Das Ergebnis ist gut.
242,"00:18:26,400","00:18:30,760",1106.4,1110.76,4.3599999999999,Wir werden auch jetzt am Ende ein gutes Ergebnis haben.
243,"00:18:31,040","00:18:34,360",1111.04,1114.36,3.3199999999999363,Für die Koalition und die Zusammenarbeit.
244,"00:18:36,720","00:18:39,600",1116.72,1119.6,2.8799999999998818,Auf dem Weg dahin braucht es Diskussionen.
245,"00:18:39,720","00:18:41,720",1119.72,1121.72,2.0,Manchmal knallt es auch.
246,"00:18:41,920","00:18:44,640",1121.92,1124.64,2.7200000000000273,Die Zeiten sind anders geworden.
247,"00:18:47,280","00:18:50,960",1127.28,1130.96,3.6800000000000637,In der Gesellschaft ist es nicht wie vor 15 Jahren.
248,"00:18:52,080","00:18:54,280",1132.08,1134.28,2.2000000000000455,Dinge sind fragiler geworden.
249,"00:18:54,400","00:18:56,200",1134.4,1136.2,1.7999999999999545,Auch die Mehrheit.
250,"00:19:05,840","00:19:09,880",1145.84,1149.88,4.040000000000191,In der Großen Koalition gab es mal 60 Gegenstimmen.
251,"00:19:13,720","00:19:16,640",1153.72,1156.64,2.9200000000000728,"Wir hatten eine Kanzlerinnen-Wahl,"
252,"00:19:17,960","00:19:21,000",1157.96,1161.0,3.0399999999999636,wo 50 Leute gegen sie gestimmt haben.
253,"00:19:24,000","00:19:28,200",1164.0,1168.2,4.2000000000000455,Es ist Vertrauen verloren gegangen in die demokratische Mitte.
254,"00:19:32,320","00:19:37,600",1172.32,1177.6,5.279999999999973,Aber bisher hat jede Entscheidung die Mehrheit der Koalition gefunden.
255,"00:19:37,720","00:19:42,400",1177.72,1182.4,4.680000000000064,Haben Sie keine Fehler gemacht? Es hat sich viel verändert.
256,"00:19:43,040","00:19:46,160",1183.04,1186.16,3.1200000000001182,In der Zusammensetzung des Bundestags ...
257,"00:19:46,840","00:19:49,320",1186.84,1189.32,2.480000000000018,Wir reden sehr viel miteinander.
258,"00:19:50,520","00:19:52,360",1190.52,1192.36,1.8399999999999181,Ich habe schon gesagt:
259,"00:19:52,400","00:19:55,880",1192.4,1195.88,3.480000000000018,Bei der Kommunikation müssen Dinge besser machen.
260,"00:20:02,720","00:20:06,200",1202.72,1206.2,3.480000000000018,Die Manöverkritik machen wir erst mal miteinander.
261,"00:20:06,320","00:20:10,000",1206.32,1210.0,3.6800000000000637,Wir müssen die Sache zu einem guten Ergebnis bringen.
262,"00:20:10,120","00:20:11,920",1210.12,1211.92,1.800000000000182,Daran arbeiten wir.
263,"00:20:12,080","00:20:14,560",1212.08,1214.56,2.480000000000018,Das ist mir noch immer gelungen.
264,"00:20:16,520","00:20:20,080",1216.52,1220.08,3.5599999999999454,"Sie sind zuversichtlich, dass die Mehrheit steht."
265,"00:20:20,200","00:20:22,000",1220.2,1222.0,1.7999999999999545,Das ist meine Aufgabe.
266,"00:20:22,320","00:20:24,320",1222.32,1224.32,2.0,Sind Sie zuversichtlich?
267,"00:20:24,920","00:20:26,760",1224.92,1226.76,1.8399999999999181,Das ist meine Aufgabe.
268,"00:20:30,640","00:20:34,440",1230.64,1234.44,3.7999999999999545,"Wenn das Gesetz kommt, bringt es Ruhe in die Koalition."
269,"00:20:39,440","00:20:43,280",1239.44,1243.28,3.839999999999918,Zur Schau gestellte Eintracht am Freitag im Kanzleramt.
270,"00:20:43,320","00:20:46,120",1243.32,1246.12,2.7999999999999545,Die Koalition demonstriert Einigkeit.
271,"00:20:48,920","00:20:51,240",1248.92,1251.24,2.3199999999999363,Wir kommen zu guten Ergebnissen.
272,"00:20:51,280","00:20:53,080",1251.28,1253.08,1.7999999999999545,Wir haben uns geeint.
273,"00:20:53,120","00:20:55,160",1253.12,1255.16,2.040000000000191,Die Verabredungen gelten.
274,"00:20:57,560","00:20:59,760",1257.56,1259.76,2.2000000000000455,Das Kabinett ist früh geeint.
275,"00:20:59,800","00:21:03,800",1259.8,1263.8,4.0,Das Rentenpaket wird aber zur Zerreißprobe für Schwarz-Rot -
276,"00:21:03,840","00:21:05,760",1263.84,1265.76,1.9200000000000728,vor allem für die Union.
277,"00:21:05,800","00:21:09,640",1265.8,1269.64,3.8400000000001455,"Deren Junge Gruppe kündigt an, nicht zustimmen zu wollen."
278,"00:21:11,080","00:21:14,560",1271.08,1274.56,3.480000000000018,Das Rentenpaket hat Folgekosten von 120 Mrd. Euro.
279,"00:21:14,600","00:21:17,400",1274.6,1277.4,2.800000000000182,Das darf auf keinen Fall so kommen.
280,"00:21:20,040","00:21:24,360",1280.04,1284.36,4.319999999999936,"Merz' Regierung ist wegen der knappen Mehrheit darauf angewiesen,"
281,"00:21:24,400","00:21:26,760",1284.4,1286.76,2.3599999999999,dass die Junge Gruppe mitstimmt.
282,"00:21:28,160","00:21:30,080",1288.16,1290.08,1.9199999999998454,Der Kanzler wird offensiv:
283,"00:21:30,120","00:21:32,440",1290.12,1292.44,2.3200000000001637,Das kann nicht euer Ernst sein.
284,"00:21:33,040","00:21:35,600",1293.04,1295.6,2.5599999999999454,Er stellt sich an die Seite der SPD.
285,"00:21:35,640","00:21:38,440",1295.64,1298.44,2.7999999999999545,Die sieht die Verantwortung bei der Union.
286,"00:21:40,760","00:21:43,960",1300.76,1303.96,3.2000000000000455,"Wer die Koalition gefährdet, sitzt in der Union."
287,"00:21:44,000","00:21:46,320",1304.0,1306.32,2.3199999999999363,Es wird nichts mehr geändert.
288,"00:21:46,800","00:21:49,440",1306.8,1309.44,2.6400000000001,Söder appelliert an den Koalitionspartner.
289,"00:21:49,680","00:21:53,040",1309.68,1313.04,3.3599999999999,Ein reines SPD-Basta von der Seite geht auch nicht.
290,"00:21:53,840","00:21:56,080",1313.84,1316.08,2.240000000000009,Doch die SPD setzt sich durch.
291,"00:21:56,120","00:22:00,120",1316.12,1320.12,4.0,Nach dem Koalitionsausschuss nachts am Donnerstag steht fest:
292,"00:22:00,160","00:22:02,600",1320.16,1322.6,2.439999999999827,Das Gesetz geht so zur Abstimmung.
293,"00:22:02,640","00:22:05,120",1322.64,1325.12,2.479999999999791,Versprochen wird der Jungen Gruppe:
294,"00:22:05,160","00:22:08,800",1325.16,1328.8,3.6399999999998727,Die Rentenkommission soll früher als geplant beginnen.
295,"00:22:10,400","00:22:12,680",1330.4,1332.68,2.2799999999999727,Alle am Tisch sind sich einig:
296,"00:22:12,720","00:22:15,800",1332.72,1335.8,3.0799999999999272,Die ersten sechs Elemente sind der Anfang.
297,"00:22:15,840","00:22:19,880",1335.84,1339.88,4.040000000000191,Und die Rentenkommission wird keine Laberrunde sein.
298,"00:22:22,880","00:22:24,880",1342.88,1344.88,2.0,Wir erweitern die Runde.
299,"00:22:25,520","00:22:30,000",1345.52,1350.0,4.480000000000018,Eva Quadbeck ist bei uns vom Redaktionsnetzwerk Deutschland.
300,"00:22:30,400","00:22:33,360",1350.4,1353.36,2.959999999999809,Clemens Fuest ist Präsident des ifo-Instituts.
301,"00:22:44,440","00:22:46,560",1364.44,1366.56,2.119999999999891,Die Rentenreform soll kommen.
302,"00:22:48,080","00:22:50,760",1368.08,1370.76,2.6800000000000637,Es gibt milliardenschwere mehr aufnahm.
303,"00:22:50,840","00:22:53,000",1370.84,1373.0,2.160000000000082,Und jetzt kommt die Reform.
304,"00:22:53,440","00:22:55,280",1373.44,1375.28,1.8399999999999181,Das ist nicht sinnvoll.
305,"00:22:56,520","00:23:00,000",1376.52,1380.0,3.480000000000018,Wir belasten künftige Haushalte sehr stark.
306,"00:23:00,400","00:23:02,880",1380.4,1382.88,2.480000000000018,Es zahlen weniger Menschen ein.
307,"00:23:06,960","00:23:09,440",1386.96,1389.44,2.480000000000018,Wir haben weniger Steuerzahler.
308,"00:23:11,880","00:23:14,680",1391.88,1394.68,2.7999999999999545,Künftige Haushalte werden mehr belastet.
309,"00:23:17,560","00:23:20,440",1397.56,1400.44,2.880000000000109,Was soll die Kommission jetzt machen?
310,"00:23:21,680","00:23:25,040",1401.68,1405.04,3.3599999999999,Es sollen zusätzliche Steuern eingeführt werden.
311,"00:23:25,080","00:23:27,640",1405.08,1407.64,2.560000000000173,Das Geld soll auch in die Rente.
312,"00:23:27,680","00:23:30,080",1407.68,1410.08,2.3999999999998636,Aber wir haben andere Probleme.
313,"00:23:34,120","00:23:37,840",1414.12,1417.84,3.7200000000000273,Es soll Rentenbeiträge aus Kapitalertragseinkommen.
314,"00:23:37,920","00:23:40,840",1417.92,1420.84,2.9199999999998454,Bisher hat sich die SPD immer durchgesetzt.
315,"00:23:43,640","00:23:46,320",1423.64,1426.32,2.6799999999998363,Man steuert kräftig in die eine Richtung.
316,"00:23:48,280","00:23:50,760",1428.28,1430.76,2.480000000000018,Und jetzt kommt die Kommission:
317,"00:23:50,800","00:23:54,640",1430.8,1434.64,3.8400000000001455,"Die wird sagen, dass man alles zurücknehmen soll."
318,"00:23:55,680","00:23:58,240",1435.68,1438.24,2.5599999999999454,Die SPD wird das nicht akzeptieren.
319,"00:24:05,760","00:24:08,680",1445.76,1448.68,2.9200000000000728,"Frau Quadbeck, warum muss die Reform noch warten?"
320,"00:24:13,200","00:24:15,680",1453.2,1455.68,2.480000000000018,Er hat es sehr richtig dargestellt.
321,"00:24:20,680","00:24:23,320",1460.68,1463.32,2.6399999999998727,Für die SPD war das sehr wichtig.
322,"00:24:24,560","00:24:26,960",1464.56,1466.96,2.400000000000091,Aber die Junge Gruppe hat recht.
323,"00:24:27,960","00:24:30,400",1467.96,1470.4,2.4400000000000546,"Es ist nicht sinnvoll, das zu tun."
324,"00:24:35,040","00:24:38,000",1475.04,1478.0,2.9600000000000364,Das Problem wird in dieser Wahlperiode nicht
325,"00:24:38,160","00:24:39,640",1478.16,1479.64,1.4800000000000182,mehr relevant.
326,"00:24:40,320","00:24:42,600",1480.32,1482.6,2.2799999999999727,Die Union hatte die Mütterrente.
327,"00:24:50,720","00:24:53,800",1490.72,1493.8,3.0799999999999272,Das war das Lieblingsprojekt der CSU.
328,"00:24:54,280","00:24:57,240",1494.28,1497.24,2.9600000000000364,Auch die SPD hat ein Lieblingsprojekt.
329,"00:24:57,320","00:24:59,400",1497.32,1499.4,2.0800000000001546,Das wird dann immer sehr teuer.
330,"00:25:00,920","00:25:02,640",1500.92,1502.64,1.7200000000000273,"Die SPD vergisst,"
331,"00:25:04,640","00:25:08,200",1504.64,1508.2,3.5599999999999454,dass Arbeitnehmer besonders belastet werden.
332,"00:25:09,720","00:25:13,200",1509.72,1513.2,3.480000000000018,Es leiden besonders die kleinen und mittleren Einkommen.
333,"00:25:13,720","00:25:15,760",1513.72,1515.76,2.0399999999999636,"Niemand achtet darauf,"
334,"00:25:16,520","00:25:19,000",1516.52,1519.0,2.480000000000018,was es für die Erwerbstätigen bedeutet.
335,"00:25:22,320","00:25:26,680",1522.32,1526.68,4.360000000000127,"Den Rentnern wird vorgegaukelt, dass man es jetzt machen muss."
336,"00:25:26,720","00:25:29,120",1526.72,1529.12,2.3999999999998636,Sonst ist die Rente nicht sicher.
337,"00:25:29,160","00:25:31,360",1529.16,1531.36,2.199999999999818,Das ist totaler Quatsch.
338,"00:25:32,440","00:25:35,240",1532.44,1535.24,2.7999999999999545,Im nächsten Jahr steigt die Rente.
339,"00:25:35,320","00:25:37,520",1535.32,1537.52,2.2000000000000455,Und die Kaufkraft steigt auch.
340,"00:25:39,200","00:25:40,960",1539.2,1540.96,1.759999999999991,Gaukeln können Sie etwas vor?
341,"00:25:46,400","00:25:50,680",1546.4,1550.68,4.279999999999973,Es ist in den letzten Jahren besser gewesen als vorhergesagt.
342,"00:25:50,760","00:25:53,160",1550.76,1553.16,2.400000000000091,Wir hatten damals mehr Wachstum.
343,"00:26:09,320","00:26:13,920",1569.32,1573.92,4.600000000000136,Die Kosten steigen in den nächsten Jahren vor allem in der Pflege.
344,"00:26:20,400","00:26:24,080",1580.4,1584.08,3.6799999999998363,Und das geht alles nur mit wirtschaftlichen Wachstum.
345,"00:26:24,160","00:26:26,920",1584.16,1586.92,2.759999999999991,Die Debatte ist mir zu statisch.
346,"00:26:28,920","00:26:33,680",1588.92,1593.68,4.759999999999991,"Man tut so, als wenn wir nicht wirtschaftlich wachsen würden."
347,"00:26:37,160","00:26:40,320",1597.16,1600.32,3.1599999999998545,Sie betrachten das aus journalistischer Sicht.
348,"00:26:40,360","00:26:41,960",1600.36,1601.96,1.6000000000001364,Das ist okay.
349,"00:26:45,080","00:26:49,560",1605.08,1609.56,4.480000000000018,"Aber entscheidend ist in der Politik, was vereinbart ist."
350,"00:26:49,800","00:26:54,160",1609.8,1614.16,4.360000000000127,Stabilität und Verlässlichkeit ist für die Wirtschaft wichtig.
351,"00:26:54,240","00:26:57,120",1614.24,1617.12,2.8799999999998818,Die Regierung muss stabil bleiben.
352,"00:26:57,840","00:27:01,480",1617.84,1621.48,3.6400000000001,Es geht ja auch um die europäische Friedensordnung.
353,"00:27:01,560","00:27:04,520",1621.56,1624.52,2.9600000000000364,Eine Regierung muss handlungsfähig sein.
354,"00:27:14,560","00:27:17,760",1634.56,1637.76,3.2000000000000455,So etwas steht aber nicht im Koalitionsvertrag.
355,"00:27:22,680","00:27:26,280",1642.68,1646.28,3.599999999999909,Aber wir haben nun mal diese Sicherheitslage.
356,"00:27:27,000","00:27:30,360",1647.0,1650.36,3.3599999999999,"Da geht es auch darum, wo ich investiere."
357,"00:27:31,880","00:27:34,960",1651.88,1654.96,3.0799999999999272,Es ist vereinbar mit dem Koalitionsvertrag.
358,"00:27:40,800","00:27:43,480",1660.8,1663.48,2.6800000000000637,Wir müssen die Zuschauer mitnehmen.
359,"00:27:45,400","00:27:49,160",1665.4,1669.16,3.759999999999991,Die SPD will 48 Prozent als Rentenniveau bis 2031.
360,"00:28:06,280","00:28:09,640",1686.28,1689.64,3.3600000000001273,Immer mehr Rentner kommen auf einen Beitragszahler.
361,"00:28:10,120","00:28:12,360",1690.12,1692.36,2.240000000000009,"Das Rentenniveau müsste sinken,"
362,"00:28:12,440","00:28:15,120",1692.44,1695.12,2.6799999999998363,damit die Beiträge nicht massiv steigen.
363,"00:28:16,640","00:28:21,360",1696.64,1701.36,4.7199999999998,Die Bundesregierung möchte aber das Rentenniveau bis 2031 stabil halten
364,"00:28:21,440","00:28:26,000",1701.44,1706.0,4.559999999999945,und bei einer Haltelinie von 48 % des Bruttodurchschnitts bleiben.
365,"00:28:28,760","00:28:31,320",1708.76,1711.32,2.5599999999999454,Im Gesetzesentwurf steht außerdem:
366,"00:28:31,400","00:28:36,280",1711.4,1716.28,4.879999999999882,Auch nach 2031 liegt das Rentenniveau um 1 % höher als im geltenden Recht.
367,"00:28:36,400","00:28:38,200",1716.4,1718.2,1.7999999999999545,Der Kanzler erklärt es so:
368,"00:28:38,280","00:28:41,520",1718.28,1721.52,3.240000000000009,"Wenn man mit dem Auto anhält und später weiterfährt,"
369,"00:28:41,600","00:28:44,400",1721.6,1724.4,2.800000000000182,"fährt man dort weiter, wo man angehalten hat."
370,"00:28:44,480","00:28:47,720",1724.48,1727.72,3.240000000000009,"Nicht dort, wo man wäre, hätte man nicht angehalten."
371,"00:28:48,280","00:28:52,600",1728.28,1732.6,4.319999999999936,"Die Regierung will, dass das Niveau ausgehend von 48 % berechnet wird,"
372,"00:28:52,680","00:28:56,600",1732.68,1736.6,3.9199999999998454,"nicht, wie die Junge Gruppe vorschlägt, schon von 47 % aus."
373,"00:28:58,160","00:29:00,960",1738.16,1740.96,2.7999999999999545,Der Regierungsvorschlag könnte teuer werden.
374,"00:29:01,520","00:29:05,560",1741.52,1745.56,4.039999999999964,Laut Junger Union geht's um 120 Mrd. Euro mehr bis 2040.
375,"00:29:08,600","00:29:11,680",1748.6,1751.68,3.0800000000001546,"Was bedeutet es, wenn die Haltelinie 2031 endet?"
376,"00:29:14,920","00:29:17,640",1754.92,1757.64,2.7200000000000273,Die Renten würden nicht sinken.
377,"00:29:19,120","00:29:21,800",1759.12,1761.8,2.6800000000000637,Die Renten würden langsamer steigen.
378,"00:29:26,160","00:29:29,720",1766.16,1769.72,3.5599999999999454,Das ist vereinbar mit dem Koalitionsvertrag.
379,"00:29:30,640","00:29:34,560",1770.64,1774.56,3.9199999999998454,"Deshalb ist es nicht zwingend, so zu entscheiden."
380,"00:29:35,160","00:29:39,240",1775.16,1779.24,4.079999999999927,Man hat sich von der SPD über den Tisch ziehen lassen.
381,"00:29:39,320","00:29:42,360",1779.32,1782.36,3.0399999999999636,Wir fahren den Haushalt vor die Wand.
382,"00:29:42,960","00:29:45,800",1782.96,1785.8,2.839999999999918,Wir haben höhere Verteidigungsausgaben.
383,"00:29:45,880","00:29:48,360",1785.88,1788.36,2.479999999999791,Wir haben Wachstumsprobleme.
384,"00:29:49,920","00:29:53,840",1789.92,1793.84,3.9199999999998454,Wir brauchen das Geld dringend für Infrastruktur.
385,"00:29:55,040","00:29:59,160",1795.04,1799.16,4.120000000000118,Die Mittel für Infrastruktur werden zweckentfremdet.
386,"00:30:09,560","00:30:13,760",1809.56,1813.76,4.2000000000000455,"Gute Renten wird man nur bekommen, wenn die Löhne wachsen."
387,"00:30:13,840","00:30:17,760",1813.84,1817.76,3.9200000000000728,Man könnte es natürlich durch Steuern finanzieren.
388,"00:30:17,880","00:30:21,360",1817.88,1821.36,3.479999999999791,Deshalb wird diese Regelung das Wachstum schädigen.
389,"00:30:21,440","00:30:24,400",1821.44,1824.4,2.9600000000000364,Es ist eine unnötige Mehrbelastung.
390,"00:30:24,600","00:30:26,760",1824.6,1826.76,2.160000000000082,Nach mir die Sintflut ...
391,"00:30:26,840","00:30:28,440",1826.84,1828.44,1.6000000000001364,So sehe ich das.
392,"00:30:31,000","00:30:34,280",1831.0,1834.28,3.2799999999999727,"Ich weiß nicht, wie die CDU zustimmen konnte."
393,"00:30:36,960","00:30:40,240",1836.96,1840.24,3.2799999999999727,Hast sich die CDU über den Tisch ziehen lassen?
394,"00:30:41,320","00:30:44,880",1841.32,1844.88,3.560000000000173,Der Koalitionsvertrag ist an dieser Stelle schwammig.
395,"00:30:49,080","00:30:53,480",1849.08,1853.48,4.400000000000091,"Es gab keine Möglichkeit, das Gesetz nachzuverhandeln."
396,"00:30:53,640","00:30:56,680",1853.64,1856.68,3.0399999999999636,Der Entwurf ist durch das Kabinett gegangen.
397,"00:30:59,400","00:31:02,400",1859.4,1862.4,3.0,Und dann geht die SPD hin und sagt:
398,"00:31:03,760","00:31:07,080",1863.76,1867.08,3.3199999999999363,"Wir weigern uns, das Paket noch mal aufzumachen."
399,"00:31:10,040","00:31:13,000",1870.04,1873.0,2.9600000000000364,"Für gute Parlamentarier galt immer,"
400,"00:31:13,600","00:31:17,000",1873.6,1877.0,3.400000000000091,ein Gesetz verändern und verbessern zu können.
401,"00:31:18,760","00:31:22,800",1878.76,1882.8,4.039999999999964,"Es gab viele Angebote der Junge Gruppe, das zu tun."
402,"00:31:28,520","00:31:30,080",1888.52,1890.08,1.5599999999999454,Bärbel Bas sagt jetzt:
403,"00:31:30,160","00:31:32,920",1890.16,1892.92,2.759999999999991,Beim Bürgergeld gehen wir noch mal dran.
404,"00:31:33,000","00:31:35,800",1893.0,1895.8,2.7999999999999545,Beim Rentengesetz soll das nicht gelten.
405,"00:31:35,880","00:31:38,920",1895.88,1898.92,3.0399999999999636,Da hat die Union schlecht verhandelt.
406,"00:31:43,120","00:31:46,320",1903.12,1906.32,3.2000000000000455,Man hätte länger über den Entschließungsantrag
407,"00:31:46,360","00:31:47,440",1906.36,1907.44,1.0800000000001546,sprechen sollen.
408,"00:31:51,000","00:31:53,600",1911.0,1913.6,2.599999999999909,Man hat viele Vorschläge diskutiert.
409,"00:31:53,720","00:31:56,080",1913.72,1916.08,2.3599999999999,Man könnte länger arbeiten.
410,"00:31:56,560","00:31:59,200",1916.56,1919.2,2.6400000000001,Man könnte Beamte einbeziehen.
411,"00:31:59,600","00:32:01,880",1919.6,1921.88,2.2800000000002,Man hätte noch diskutieren können.
412,"00:32:02,200","00:32:04,520",1922.2,1924.52,2.3199999999999363,Wurden Sie über den Tisch gezogen?
413,"00:32:05,080","00:32:07,880",1925.08,1927.88,2.800000000000182,Im Koalitionsvertrag ist eine Regelung.
414,"00:32:11,640","00:32:14,200",1931.64,1934.2,2.5599999999999454,Da geht es auch um die Haltelinie.
415,"00:32:15,320","00:32:18,280",1935.32,1938.28,2.9600000000000364,2018 gab es im Gesetz nicht die Festlegung.
416,"00:32:23,920","00:32:26,280",1943.92,1946.28,2.3599999999999,"Wenn die Haltelinie endet,"
417,"00:32:28,520","00:32:31,840",1948.52,1951.84,3.3199999999999363,dann setzt der Nachhaltigkeitsfaktor ein.
418,"00:32:31,920","00:32:34,440",1951.92,1954.44,2.519999999999982,Der dämpft die Rentensteigerung.
419,"00:32:37,360","00:32:40,040",1957.36,1960.04,2.6800000000000637,Dann steigen die Renten weniger stark.
420,"00:32:41,760","00:32:45,640",1961.76,1965.64,3.880000000000109,"Die Frage ist, von welchem Punkt sie weniger stark steigen."
421,"00:32:48,160","00:32:50,000",1968.16,1970.0,1.8399999999999181,"Wenn es sofort runtergeht,"
422,"00:32:50,080","00:32:53,120",1970.08,1973.12,3.0399999999999636,"hat man ein, zwei Jahre keine Rentensteigerung."
423,"00:32:54,040","00:32:55,640",1974.04,1975.64,1.6000000000001364,Finden Sie das richtig?
424,"00:32:58,040","00:33:02,040",1978.04,1982.04,4.0,Die 120 Milliarden sind viel Geld auf zehn Jahre gerechnet.
425,"00:33:03,760","00:33:07,440",1983.76,1987.44,3.6800000000000637,Ohne Regelung hätten wir zwei Prozent Mehrausgaben.
426,"00:33:08,960","00:33:12,800",1988.96,1992.8,3.839999999999918,Es geht um 700 Milliarden Euro für Rente im Jahr.
427,"00:33:16,880","00:33:18,880",1996.88,1998.88,2.0,Es ist um sehr viel Geld.
428,"00:33:19,520","00:33:21,480",1999.52,2001.48,1.9600000000000364,Sie bagatellisieren gerade.
429,"00:33:21,960","00:33:23,360",2001.96,2003.36,1.3999999999998636,Ich ordne das ein.
430,"00:33:25,680","00:33:28,640",2005.68,2008.64,2.9600000000000364,"Und das geht nur, wenn wir Wachstum haben."
431,"00:33:30,760","00:33:34,600",2010.76,2014.6,3.839999999999918,Aber am 1. Dezember müssen wir folgende Frage beantworten.
432,"00:33:35,960","00:33:39,360",2015.96,2019.36,3.3999999999998636,Aber haben wir für dieses Verhältnis im Jahre 2032
433,"00:33:40,480","00:33:44,000",2020.48,2024.0,3.519999999999982,"eine Regierung, die wir in Probleme bringen?"
434,"00:33:45,320","00:33:47,840",2025.32,2027.84,2.519999999999982,Vielleicht zum Anfang vom Ende?
435,"00:33:51,880","00:33:54,480",2031.88,2034.48,2.599999999999909,"Und wir sind in einer Situation,"
436,"00:33:55,640","00:33:58,520",2035.64,2038.52,2.8799999999998818,in der die Gesellschaft sehr polarisiert ist.
437,"00:33:58,600","00:34:02,960",2038.6,2042.96,4.360000000000127,"Ich sehe keine andere Koalition, die das Problem lösen könnte."
438,"00:34:03,240","00:34:05,600",2043.24,2045.6,2.3599999999999,Bleiben Sie bitte beim Thema.
439,"00:34:08,240","00:34:12,400",2048.24,2052.4,4.160000000000309,"Wir müssen bei allen Fragen abwägen, wie der Kontext ist."
440,"00:34:15,080","00:34:18,200",2055.08,2058.2,3.119999999999891,Hier ist handwerklich etwas schlecht gelaufen.
441,"00:34:21,600","00:34:24,680",2061.6,2064.68,3.0799999999999272,Wir müssen das ganz große Szenario sehen.
442,"00:34:29,320","00:34:33,320",2069.32,2073.32,4.0,"Bei Migrationsgesetzen bestehen wir auch genauso darauf,"
443,"00:34:33,400","00:34:36,160",2073.4,2076.16,2.7599999999997635,dass alles genau umgesetzt wird.
444,"00:34:37,600","00:34:40,320",2077.6,2080.32,2.7200000000002547,Ich habe zehn Jahre dafür gekämpft.
445,"00:34:45,080","00:34:47,880",2085.08,2087.88,2.800000000000182,Die Fortschritte gab es langsam.
446,"00:34:49,320","00:34:52,560",2089.32,2092.56,3.2399999999997817,Aber jetzt endlich findet der Politikwechsel statt.
447,"00:34:57,160","00:34:59,960",2097.16,2099.96,2.800000000000182,Und dann schlucken sie das jetzt?
448,"00:35:00,240","00:35:02,120",2100.24,2102.12,1.8800000000001091,Das ist der Kompromiss.
449,"00:35:05,040","00:35:08,280",2105.04,2108.28,3.2400000000002365,Der macht den Teil der SPD auch möglich.
450,"00:35:09,200","00:35:11,760",2109.2,2111.76,2.5600000000004,Beim Bürgergeld gilt das gleiche.
451,"00:35:12,280","00:35:15,960",2112.28,2115.96,3.6799999999998363,"Dessen Abschaffung war ein entscheidender Grund für uns,"
452,"00:35:16,040","00:35:17,920",2116.04,2117.92,1.8800000000001091,in die Koalition zu gehen.
453,"00:35:18,280","00:35:20,840",2118.28,2120.84,2.5599999999999454,"Wer arbeiten kann, soll das tun."
454,"00:35:24,280","00:35:27,720",2124.28,2127.72,3.4399999999996,Und an diesen Dingen wird nichts mehr verändert.
455,"00:35:28,680","00:35:31,480",2128.68,2131.48,2.800000000000182,Und so ist es auch bei der Rente.
456,"00:35:32,800","00:35:36,280",2132.8,2136.28,3.480000000000018,"Das Bürgergeld wird kommen, wie es vereinbart ist."
457,"00:35:36,360","00:35:38,840",2136.36,2138.84,2.480000000000018,Das kommt jetzt in den Bundestag.
458,"00:35:38,960","00:35:41,400",2138.96,2141.4,2.4400000000000546,Da gilt das gleiche Prinzip.
459,"00:35:42,560","00:35:45,960",2142.56,2145.96,3.400000000000091,Auf diesen Prinzipien steht die Koalition.
460,"00:35:46,920","00:35:50,720",2146.92,2150.72,3.799999999999727,Die Bürgergeldreform halte ich für dringend notwendig.
461,"00:35:50,800","00:35:53,040",2150.8,2153.04,2.2399999999997817,Da geht es um Gerechtigkeit.
462,"00:35:56,480","00:35:58,320",2156.48,2158.32,1.8400000000001455,Wir sind aber bei der Rente.
463,"00:36:00,480","00:36:03,120",2160.48,2163.12,2.6399999999998727,Wie geht es weiter mit der Entwicklung?
464,"00:36:07,960","00:36:11,160",2167.96,2171.16,3.199999999999818,Wie haben sich die Steuerzuschüsse entwickelt?
465,"00:36:14,360","00:36:17,280",2174.36,2177.28,2.9200000000000728,Die sind kontinuierlich gestiegen.
466,"00:36:17,360","00:36:20,520",2177.36,2180.52,3.1599999999998545,Wie lange kann sich der Staat das leisten?
467,"00:36:21,880","00:36:23,960",2181.88,2183.96,2.0799999999999272,Das stößt auf Grenzen.
468,"00:36:25,760","00:36:29,120",2185.76,2189.12,3.3599999999996726,Der Haushalt ist mit Schulden finanziert.
469,"00:36:31,080","00:36:35,360",2191.08,2195.36,4.2800000000002,Ein Drittel der Steuereinnahmen fließt in den Rentenzuschuss.
470,"00:36:35,440","00:36:36,680",2195.44,2196.68,1.2399999999997817,Das wird wachsen.
471,"00:36:36,760","00:36:39,160",2196.76,2199.16,2.399999999999636,Auch wegen des Beschlusses.
472,"00:36:41,240","00:36:44,520",2201.24,2204.52,3.2800000000002,"Was passiert, ist die Folge des Beschlusses."
473,"00:36:44,600","00:36:47,720",2204.6,2207.72,3.119999999999891,Wir werden die Steuern erhöhen müssen.
474,"00:36:48,480","00:36:52,320",2208.48,2212.32,3.8400000000001455,Sonst können wir die Finanzen nicht konsolidieren.
475,"00:36:53,280","00:36:56,960",2213.28,2216.96,3.6799999999998363,Da kann eine Wachstumsschwäche die Folge sein.
476,"00:36:57,320","00:37:00,280",2217.32,2220.28,2.9600000000000364,Die privaten Investitionen fallen.
477,"00:37:03,880","00:37:06,880",2223.88,2226.88,3.0,Wir kommen in eine schwierige Lage.
478,"00:37:08,240","00:37:12,520",2228.24,2232.52,4.2800000000002,"Die Regierung hat die Priorität, die Rente zu erhöhen."
479,"00:37:15,400","00:37:18,400",2235.4,2238.4,3.0,Und nicht etwa Verteidigung und Wirtschaft.
480,"00:37:18,480","00:37:20,840",2238.48,2240.84,2.3600000000001273,Das wird sehr priorisiert.
481,"00:37:21,560","00:37:23,680",2241.56,2243.68,2.119999999999891,Der Weg ist nicht fortsetzbar.
482,"00:37:25,720","00:37:28,560",2245.72,2248.56,2.8400000000001455,"Man sagt, dass man morgen sparen wird."
483,"00:37:28,880","00:37:31,760",2248.88,2251.76,2.880000000000109,Das Unangenehme wird auf morgen verschoben.
484,"00:37:34,840","00:37:37,600",2254.84,2257.6,2.7599999999997635,Man muss Verteilungskonflikte ausstehen.
485,"00:37:37,680","00:37:39,920",2257.68,2259.92,2.2400000000002365,Die werden aber vertagt.
486,"00:37:43,040","00:37:47,160",2263.04,2267.16,4.119999999999891,"Die normative Kraft des Faktischen wird uns zwingen,"
487,"00:37:47,640","00:37:51,360",2267.64,2271.36,3.7200000000002547,dass wir im nächsten Jahr aktiv werden müssen.
488,"00:37:52,440","00:37:57,360",2272.44,2277.36,4.920000000000073,Wir werden 20 Mrd. Euro Defizit bei der Krankenversicherung haben.
489,"00:37:58,680","00:38:02,880",2278.68,2282.88,4.200000000000273,Wir werden über das Renteneintrittsalter reden müssen.
490,"00:38:05,520","00:38:09,800",2285.52,2289.8,4.2800000000002,Wir werden über die kapitalgedeckte Vorsorge sprechen müssen.
491,"00:38:12,000","00:38:13,520",2292.0,2293.52,1.5199999999999818,Das ist neu.
492,"00:38:14,240","00:38:17,600",2294.24,2297.6,3.3600000000001273,Das war noch ein Vorschlag von Christian Lindner.
493,"00:38:20,160","00:38:23,200",2300.16,2303.2,3.0399999999999636,Es geht auch um die Frühstart-Rente.
494,"00:38:26,000","00:38:30,560",2306.0,2310.56,4.559999999999945,Über die Kapitaldeckung konnte man nicht immer mit der SPD reden.
495,"00:38:30,680","00:38:32,960",2310.68,2312.96,2.2800000000002,Es passieren strukturelle Dinge.
496,"00:38:33,040","00:38:35,960",2313.04,2315.96,2.9200000000000728,Wir senken die Körperschaftsteuer.
497,"00:38:39,480","00:38:43,400",2319.48,2323.4,3.9200000000000728,Wir stellen Energiepolitik vom Kopf auf die Füße.
498,"00:38:45,600","00:38:48,720",2325.6,2328.72,3.119999999999891,Die Voraussetzung für Rente ist das Wachstum.
499,"00:38:48,840","00:38:50,560",2328.84,2330.56,1.7199999999998,Sonst klappt das nicht.
500,"00:38:50,640","00:38:53,360",2330.64,2333.36,2.7200000000002547,Wir brauchen dringend Wachstum.
501,"00:38:53,440","00:38:56,000",2333.44,2336.0,2.5599999999999454,Das ist eine Schicksalsfrage.
502,"00:38:56,480","00:38:59,080",2336.48,2339.08,2.599999999999909,Und Sie erhöhen die Sozialstaatsquote.
503,"00:38:59,720","00:39:02,000",2339.72,2342.0,2.2800000000002,Sie machen die Rente teuer.
504,"00:39:05,760","00:39:07,880",2345.76,2347.88,2.119999999999891,"Es wäre doch an der Zeit,"
505,"00:39:07,960","00:39:11,200",2347.96,2351.2,3.2399999999997817,bei der Rente nicht im Übermaß auszugeben.
506,"00:39:12,600","00:39:15,680",2352.6,2355.68,3.0799999999999272,Im nächsten Jahr gibt es fünf Landtagswahlen.
507,"00:39:17,560","00:39:20,440",2357.56,2360.44,2.880000000000109,Die Einigungsfähigkeit von SPD und Union
508,"00:39:20,520","00:39:22,560",2360.52,2362.56,2.0399999999999636,wird dann nicht größer sein.
509,"00:39:22,640","00:39:26,000",2362.64,2366.0,3.3600000000001273,Ich verstehe die Folge der Analyse nicht.
510,"00:39:28,520","00:39:32,040",2368.52,2372.04,3.519999999999982,Folge ist eine handlungsunfähige Regierung.
511,"00:39:32,640","00:39:36,080",2372.64,2376.08,3.4400000000000546,Sie ist nicht mehr in der Lage umzusetzen.
512,"00:39:39,320","00:39:43,880",2379.32,2383.88,4.559999999999945,Wenn Union und SPD nicht mehr in der Vereinbarung bleiben ...
513,"00:39:51,560","00:39:54,640",2391.56,2394.64,3.0799999999999272,Wenn sie in der Rente die Haltelinie ...
514,"00:39:59,040","00:40:01,240",2399.04,2401.24,2.199999999999818,Das ist die Basis der Koalition.
515,"00:40:01,320","00:40:06,360",2401.32,2406.36,5.039999999999964,"Ich muss mit den Mehrheiten umgehen, die da sind."
516,"00:40:09,200","00:40:12,480",2409.2,2412.48,3.2800000000002,Die Koalition ist keine Wunschkoalition.
517,"00:40:12,560","00:40:15,920",2412.56,2415.92,3.3600000000001273,Sie ist ein Resultat des Wahlergebnisses.
518,"00:40:16,200","00:40:20,040",2416.2,2420.04,3.8400000000001455,"Wir gewinnen gemeinsam, wir verlieren gemeinsam."
519,"00:40:20,680","00:40:23,120",2420.68,2423.12,2.4400000000000546,"Wenn Erfolg dadurch entsteht,"
520,"00:40:23,200","00:40:26,040",2423.2,2426.04,2.8400000000001455,in die Handlungsunfähigkeit zu kommen ...
521,"00:40:26,560","00:40:29,400",2426.56,2429.4,2.8400000000001455,Das kann ich mir nicht vorstellen.
522,"00:40:32,040","00:40:34,880",2432.04,2434.88,2.8400000000001455,Wir wollen zum Thema zurück kommen.
523,"00:40:34,960","00:40:38,080",2434.96,2438.08,3.119999999999891,"Sie haben der Jungen Gruppe versprochen,"
524,"00:40:38,160","00:40:41,200",2438.16,2441.2,3.0399999999999636,dass es eine größere Reform geben soll.
525,"00:40:43,040","00:40:46,040",2443.04,2446.04,3.0,Trauen Sie das Großen Koalition zu?
526,"00:40:48,880","00:40:51,960",2448.88,2451.96,3.0799999999999272,Die Renten müssen langsamer steigen.
527,"00:40:52,440","00:40:55,120",2452.44,2455.12,2.6799999999998363,Auch die Pensionen der Beamten.
528,"00:40:56,480","00:40:59,120",2456.48,2459.12,2.6399999999998727,Der Kuchen muss größer werden.
529,"00:40:59,880","00:41:02,080",2459.88,2462.08,2.199999999999818,Wir wollen Sicherheiten.
530,"00:41:03,320","00:41:06,480",2463.32,2466.48,3.1599999999998545,Dafür muss die Lebensarbeitszeit steigen.
531,"00:41:06,560","00:41:09,880",2466.56,2469.88,3.3200000000001637,Das sind die wichtigsten Aspekte der Reform.
532,"00:41:09,960","00:41:13,320",2469.96,2473.32,3.3600000000001273,Wir müssen uns auch um den Arbeitsmarkt kümmern.
533,"00:41:13,440","00:41:15,040",2473.44,2475.04,1.599999999999909,Um das Wachstum.
534,"00:41:15,520","00:41:19,160",2475.52,2479.16,3.6399999999998727,Jetzt steuern wir mit Kraft in die falsche Richtung.
535,"00:41:19,240","00:41:22,600",2479.24,2482.6,3.3600000000001273,"Ich sehe keine Chance, dass die Koalition"
536,"00:41:22,680","00:41:26,120",2482.68,2486.12,3.4400000000000546,eine Rentenreform in die richtige Richtung macht.
537,"00:41:26,200","00:41:28,840",2486.2,2488.84,2.6400000000003274,Ich wünsche mir das natürlich.
538,"00:41:28,920","00:41:31,960",2488.92,2491.96,3.0399999999999636,Aber es gibt Verlautbarung aus den Parteien.
539,"00:41:32,120","00:41:35,280",2492.12,2495.28,3.1600000000003092,"Ich glaube nicht, dass das kommen wird."
540,"00:41:35,520","00:41:38,720",2495.52,2498.72,3.199999999999818,Das ist auch demotivierend für die Kommission.
541,"00:41:38,800","00:41:41,360",2498.8,2501.36,2.5599999999999454,Man startet in die falsche Richtung.
542,"00:41:41,440","00:41:44,800",2501.44,2504.8,3.3600000000001273,Und dann muss die Kommission das umdrehen.
543,"00:41:44,920","00:41:48,280",2504.92,2508.28,3.3600000000001273,"Es wäre klüger gewesen, man hätte gesagt,"
544,"00:41:48,920","00:41:52,480",2508.92,2512.48,3.5599999999999454,dass man sich sechs Monate Zeit dafür nimmt.
545,"00:41:53,720","00:41:57,280",2513.72,2517.28,3.5600000000004,Man hätte sich die Rentenkommission anhören können.
546,"00:41:57,360","00:42:03,320",2517.36,2523.32,5.960000000000036,"Dann hätte man versuchen können, zu einem anderen Ergebnis zu kommen."
547,"00:42:04,680","00:42:07,680",2524.68,2527.68,3.0,In der Pflege und der Krankenversicherung
548,"00:42:07,760","00:42:09,000",2527.76,2529.0,1.2399999999997817,gibt es Probleme.
549,"00:42:09,080","00:42:12,200",2529.08,2532.2,3.119999999999891,Der Verteidigungshaushalt ist nicht finanziert.
550,"00:42:12,280","00:42:15,080",2532.28,2535.08,2.799999999999727,Und wir fahren den Haushalt an die Wand.
551,"00:42:15,160","00:42:17,800",2535.16,2537.8,2.6400000000003274,Die Arbeit soll aufgenommen werden.
552,"00:42:17,880","00:42:21,400",2537.88,2541.4,3.519999999999982,Sie haben von Lebensarbeitszeit gesprochen.
553,"00:42:21,880","00:42:25,160",2541.88,2545.16,3.2799999999997453,Das Renteneintrittsalter soll angepasst werden
554,"00:42:25,240","00:42:27,520",2545.24,2547.52,2.2800000000002,an die Lebensarbeitszeit.
555,"00:42:27,600","00:42:29,160",2547.6,2549.16,1.5599999999999454,Sind Sie dafür?
556,"00:42:30,880","00:42:35,360",2550.88,2555.36,4.480000000000018,Das ist Bestandteil des Arbeitsauftrag an die Kommission.
557,"00:42:35,720","00:42:37,920",2555.72,2557.92,2.200000000000273,Wir machen das bis 2031.
558,"00:42:39,360","00:42:42,440",2559.36,2562.44,3.0799999999999272,Da geht es um das Renteneintrittsalters 67.
559,"00:42:42,520","00:42:45,600",2562.52,2565.6,3.0799999999999272,Für die Zeit danach müssen wir reden.
560,"00:42:45,680","00:42:48,360",2565.68,2568.36,2.680000000000291,Wir werden alle länger arbeiten müssen.
561,"00:42:48,440","00:42:50,480",2568.44,2570.48,2.0399999999999636,Das ist ein klarer Umstand.
562,"00:42:50,560","00:42:53,480",2570.56,2573.48,2.9200000000000728,Über den Mechanismus muss man aber reden.
563,"00:42:54,040","00:42:57,040",2574.04,2577.04,3.0,"Dänen arbeiten ab 2040 bis 70, kann das sein?"
564,"00:43:03,800","00:43:07,680",2583.8,2587.68,3.8799999999996544,Es geht auch um die Dauer der Lebensarbeitszeit.
565,"00:43:07,760","00:43:10,880",2587.76,2590.88,3.119999999999891,Die einen starten mit 18 Jahren oder 16.
566,"00:43:10,960","00:43:13,200",2590.96,2593.2,2.2399999999997817,Andere studieren bis 27.
567,"00:43:13,920","00:43:17,000",2593.92,2597.0,3.0799999999999272,Das sind unterschiedliche Biografien.
568,"00:43:17,880","00:43:22,080",2597.88,2602.08,4.199999999999818,Macht die Dauer der Beitragszahlung auch einen Unterschied?
569,"00:43:24,840","00:43:26,920",2604.84,2606.92,2.0799999999999272,Auch für die Rentenhöhe?
570,"00:43:27,000","00:43:30,200",2607.0,2610.2,3.199999999999818,Wie lange habe ich im Leben gearbeitet?
571,"00:43:31,000","00:43:34,680",2611.0,2614.68,3.6799999999998363,"Können Sie sich vorstellen, dass die Leute länger arbeiten?"
572,"00:43:35,240","00:43:37,800",2615.24,2617.8,2.5600000000004,Das wird ohne Zweifel so sein müssen.
573,"00:43:37,880","00:43:40,000",2617.88,2620.0,2.119999999999891,Das wird auch so sein können.
574,"00:43:40,080","00:43:42,640",2620.08,2622.64,2.5599999999999454,"Man sagt, 70 sei das neue 50."
575,"00:43:43,440","00:43:47,000",2623.44,2627.0,3.5599999999999454,Kann die Regierung das wirklich beschließen?
576,"00:43:47,800","00:43:50,600",2627.8,2630.6,2.799999999999727,Manche Menschen haben Berufe ...
577,"00:43:51,080","00:43:53,520",2631.08,2633.52,2.4400000000000546,Nicht alle sind Dachdecker.
578,"00:43:54,760","00:43:58,160",2634.76,2638.16,3.399999999999636,Ich war mal für die Pflege verantwortlich.
579,"00:43:59,240","00:44:02,880",2639.24,2642.88,3.6400000000003274,"Es gibt Berufe, wo das nicht jeder so lange schafft."
580,"00:44:02,960","00:44:06,760",2642.96,2646.76,3.800000000000182,Die kommen nicht bis zum Renteneintrittsalter.
581,"00:44:06,880","00:44:10,520",2646.88,2650.52,3.6399999999998727,Ich bin für eine hohe Erwerbsminderungsrente.
582,"00:44:13,120","00:44:15,920",2653.12,2655.92,2.800000000000182,"Aber für die, die können, ist die Frage,"
583,"00:44:16,000","00:44:17,840",2656.0,2657.84,1.8400000000001455,länger arbeiten zu müssen.
584,"00:44:17,920","00:44:20,440",2657.92,2660.44,2.519999999999982,Manche wollen auch länger arbeiten.
585,"00:44:20,520","00:44:22,880",2660.52,2662.88,2.3600000000001273,Es ist Teil ihres Lebensinhaltes.
586,"00:44:22,960","00:44:25,320",2662.96,2665.32,2.3600000000001273,Die Frage müssen wir beantworten.
587,"00:44:25,400","00:44:28,840",2665.4,2668.84,3.4400000000000546,Das ist eine Frage der Fairness der Generationen.
588,"00:44:28,920","00:44:30,560",2668.92,2670.56,1.6399999999998727,Ich überspitze:
589,"00:44:35,080","00:44:38,920",2675.08,2678.92,3.8400000000001455,"Bis 28 studieren, dann mit 65 in die Rente."
590,"00:44:39,000","00:44:40,960",2679.0,2680.96,1.9600000000000364,Das wird nicht funktionieren.
591,"00:44:41,040","00:44:44,360",2681.04,2684.36,3.3200000000001637,Jedes zweite geborene Mädchen wird 100 Jahre alt werden.
592,"00:44:46,600","00:44:49,680",2686.6,2689.68,3.0799999999999272,Dadurch steigt auch das Rentenaufkommen.
593,"00:44:50,680","00:44:54,120",2690.68,2694.12,3.4400000000000546,Die zusätzliche Zeit werden wir verteilen müssen.
594,"00:44:55,480","00:44:58,200",2695.48,2698.2,2.7199999999998,Das spricht für harte Reformen.
595,"00:44:58,520","00:45:02,120",2698.52,2702.12,3.599999999999909,"Es ist eine Frage, wie man das schrittweise macht."
596,"00:45:02,200","00:45:04,880",2702.2,2704.88,2.680000000000291,Die Rente mit 67 wird eingeführt.
597,"00:45:04,960","00:45:07,280",2704.96,2707.28,2.3200000000001637,Das machen wor über 20 Jahre.
598,"00:45:09,160","00:45:13,280",2709.16,2713.28,4.120000000000346,"Schritt für Schritt, Monat für Monat, Jahr für Jahr."
599,"00:45:13,520","00:45:17,080",2713.52,2717.08,3.5599999999999454,"Wichtig ist in der Rente, dass es Planbarkeit gibt."
600,"00:45:17,160","00:45:20,560",2717.16,2720.56,3.400000000000091,Man muss Dinge Schritt für Schritt machen.
601,"00:45:20,640","00:45:24,440",2720.64,2724.44,3.800000000000182,Es muss ein nachvollziehbares Verhältnis geben.
602,"00:45:24,880","00:45:28,600",2724.88,2728.6,3.7199999999998,Bei mehr Lebenszeit steigt das Renteneintrittsalter.
603,"00:45:28,680","00:45:31,840",2728.68,2731.84,3.1600000000003092,Die kapitalgedeckte Rente ist wichtig.
604,"00:45:33,320","00:45:37,520",2733.32,2737.52,4.199999999999818,Die deutschen Rentner profitieren nicht vom Rekordhoch des DAX.
605,"00:45:40,720","00:45:44,360",2740.72,2744.36,3.6400000000003274,Kanadische Lehrer haben höhere Rente wegen des DAX.
606,"00:45:47,080","00:45:50,920",2747.08,2750.92,3.8400000000001455,Auch die deutschen Rentner soll etwas davon haben.
607,"00:45:51,760","00:45:55,200",2751.76,2755.2,3.4399999999996,"Längere Lebensarbeitszeit, ist das konsensfähig?"
608,"00:45:56,360","00:45:59,920",2756.36,2759.92,3.5599999999999454,Das ist in der Koalition nicht konsensfähig.
609,"00:46:01,680","00:46:05,920",2761.68,2765.92,4.2400000000002365,Die SPD tut sich schwer mit dem Eintrittsalter 67.
610,"00:46:06,080","00:46:09,200",2766.08,2769.2,3.119999999999891,Das wurde vor vielen Jahren vereinbart.
611,"00:46:11,760","00:46:14,680",2771.76,2774.68,2.919999999999618,Die Rente mit 67 hat die SPD entzweit.
612,"00:46:14,760","00:46:17,120",2774.76,2777.12,2.3599999999996726,Da hat die SPD ein Trauma.
613,"00:46:18,360","00:46:22,080",2778.36,2782.08,3.7199999999998,"Ich kann mir nicht vorstellen, dass die das mitmacht."
614,"00:46:22,160","00:46:24,440",2782.16,2784.44,2.2800000000002,Das ist für die ein Tabu.
615,"00:46:25,440","00:46:30,560",2785.44,2790.56,5.119999999999891,"Herr Spahn hat recht, dass man sich alle Schrauben anschauen muss."
616,"00:46:30,680","00:46:35,160",2790.68,2795.16,4.480000000000018,"Alles, was denkbar ist, soll auf den Tisch gelegt werden."
617,"00:46:36,440","00:46:37,560",2796.44,2797.56,1.1199999999998909,Im nächsten Jahr
618,"00:46:37,640","00:46:40,920",2797.64,2800.92,3.2800000000002,haben wir eine angespannte politische Stimmung.
619,"00:46:41,000","00:46:43,000",2801.0,2803.0,2.0,Es gibt viele Landtagswahlen.
620,"00:46:43,160","00:46:46,880",2803.16,2806.88,3.7200000000002547,"Ich denke nicht, dass das bis zur Jahresmitte gelingt,"
621,"00:46:46,960","00:46:50,320",2806.96,2810.32,3.3600000000001273,eine Rentenreform auf den Weg zu bringen.
622,"00:46:54,080","00:46:57,720",2814.08,2817.72,3.6399999999998727,Und die dann im zweiten Halbjahr abzustimmen.
623,"00:47:01,760","00:47:05,040",2821.76,2825.04,3.2799999999997453,Ich würde gern einen zweiten Punkt diskutieren.
624,"00:47:05,120","00:47:06,920",2825.12,2826.92,1.800000000000182,Erfolgsaussichten.
625,"00:47:07,600","00:47:09,960",2827.6,2829.96,2.3600000000001273,Sie haben es angesprochen.
626,"00:47:10,480","00:47:12,840",2830.48,2832.84,2.3600000000001273,Es gibt den Punkt Beiträge.
627,"00:47:16,040","00:47:19,440",2836.04,2839.44,3.400000000000091,Die Einbeziehung weiterer Einkommensarten.
628,"00:47:20,520","00:47:24,480",2840.52,2844.48,3.9600000000000364,"Weitere Einkommensarten einzubeziehen, bringt nur etwas,"
629,"00:47:24,600","00:47:28,360",2844.6,2848.36,3.7600000000002183,wenn man dafür keine Ansprüche entstehen lässt.
630,"00:47:28,760","00:47:32,400",2848.76,2852.4,3.6399999999998727,Die Rentenkasse wird dadurch nicht entlastet.
631,"00:47:33,080","00:47:36,800",2853.08,2856.8,3.7200000000002547,Man kann eine weitere Einkommensteuer erheben.
632,"00:47:39,240","00:47:42,800",2859.24,2862.8,3.5600000000004,"Wenn man Zinseinkünfte auf dem Sparbuch hat,"
633,"00:47:43,240","00:47:46,080",2863.24,2866.08,2.8400000000001455,müsste man Rentenbeiträge zahlen.
634,"00:47:47,640","00:47:52,280",2867.64,2872.28,4.640000000000327,Dadurch darf aber kein weiterer Rentenanspruch entstehen.
635,"00:47:54,040","00:47:56,400",2874.04,2876.4,2.3600000000001273,"Man muss den Leuten sagen,"
636,"00:47:58,120","00:48:01,480",2878.12,2881.48,3.3600000000001273,"dass sie was zahlen, aber nichts dafür bekommen."
637,"00:48:01,560","00:48:03,360",2881.56,2883.36,1.800000000000182,Das geht rechtlich nicht.
638,"00:48:03,440","00:48:05,480",2883.44,2885.48,2.0399999999999636,Das ist kein Weg.
639,"00:48:06,480","00:48:10,200",2886.48,2890.2,3.7199999999998,Man müsste vielleicht Selbständige mit hinein nehmen.
640,"00:48:10,280","00:48:13,480",2890.28,2893.48,3.199999999999818,Das wird aber auch nicht funktionieren.
641,"00:48:15,120","00:48:19,160",2895.12,2899.16,4.039999999999964,"Es sei denn, man führt ein Soli für die Renten ein."
642,"00:48:19,560","00:48:23,200",2899.56,2903.2,3.6399999999998727,Man verschärft so nur die Probleme von heute.
643,"00:48:25,280","00:48:28,880",2905.28,2908.88,3.599999999999909,40 Prozent der Einkommen gehen in die Rente.
644,"00:48:29,240","00:48:32,520",2909.24,2912.52,3.2800000000002,Das wird das Wachstum im Land zerstören.
645,"00:48:33,160","00:48:36,160",2913.16,2916.16,3.0,Da gibt es leider keine einfachen Lösungen.
646,"00:48:36,280","00:48:38,400",2916.28,2918.4,2.119999999999891,Geld fällt nicht vom Himmel.
647,"00:48:38,480","00:48:40,960",2918.48,2920.96,2.480000000000018,Die Lösungen sind schwierig.
648,"00:48:43,680","00:48:48,480",2923.68,2928.48,4.800000000000182,Im nächsten Wahlkampf haben wir die nächste Debatte zu Haltelinien.
649,"00:48:48,560","00:48:50,400",2928.56,2930.4,1.8400000000001455,Dann geht es wieder los.
650,"00:48:50,480","00:48:56,760",2930.48,2936.76,6.2800000000002,"Man wird mal wieder fordern, dass der Bundeshaushalt einspringt."
651,"00:48:56,840","00:48:59,240",2936.84,2939.24,2.399999999999636,Der ist das schwache Glied.
652,"00:49:03,360","00:49:06,560",2943.36,2946.56,3.199999999999818,Deswegen wurde eine Firewall gefordert.
653,"00:49:07,880","00:49:12,520",2947.88,2952.52,4.639999999999873,"Wenn man Beiträge erhöhen muss, ist es politisch schwierig."
654,"00:49:14,200","00:49:17,520",2954.2,2957.52,3.3200000000001637,"Sozialversicherungsbeiträge, wenn wir die erhöhen,"
655,"00:49:17,640","00:49:20,040",2957.64,2960.04,2.400000000000091,ist das ein langsames Wachstum.
656,"00:49:20,800","00:49:24,760",2960.8,2964.76,3.9600000000000364,Die Rente bemisst sich nach Versicherungsbeiträgen.
657,"00:49:30,640","00:49:33,160",2970.64,2973.16,2.519999999999982,"Herr Spahn können Sie sich vorstellen,"
658,"00:49:33,240","00:49:35,400",2973.24,2975.4,2.1600000000003092,Beiträge mit zu bemessen?
659,"00:49:37,920","00:49:40,360",2977.92,2980.36,2.4400000000000546,Ich kann mir das nicht vorstellen.
660,"00:49:41,040","00:49:44,200",2981.04,2984.2,3.1599999999998545,Man kann das aber natürlich ausarbeiten.
661,"00:49:53,680","00:49:56,280",2993.68,2996.28,2.600000000000364,Und dann kommt man zu einem Ergebnis.
662,"00:49:59,120","00:50:02,120",2999.12,3002.12,3.0,Man kann die Debatte ja auch versachlichen.
663,"00:50:02,600","00:50:05,320",3002.6,3005.32,2.7200000000002547,Das wäre auch die Aufgabe eine Kommission.
664,"00:50:06,520","00:50:09,520",3006.52,3009.52,3.0,In meiner Fraktion wird diskutiert:
665,"00:50:18,880","00:50:22,000",3018.88,3022.0,3.119999999999891,Sollen die Abgeordneten Beiträge zahlen?
666,"00:50:27,240","00:50:29,400",3027.24,3029.4,2.1600000000003092,Wie sollen wir das handhaben?
667,"00:50:29,720","00:50:33,680",3029.72,3033.68,3.9600000000000364,Abgeordnete können in die gesetzliche Versicherung hinein.
668,"00:50:36,240","00:50:38,920",3036.24,3038.92,2.680000000000291,Das ist ein Tropfen auf den heißen Stein.
669,"00:50:39,880","00:50:42,600",3039.88,3042.6,2.7199999999998,Aber das ist ein politisches Signal.
670,"00:50:43,440","00:50:45,960",3043.44,3045.96,2.519999999999982,Wir reden über das Eintrittsalter.
671,"00:50:49,200","00:50:51,840",3049.2,3051.84,2.6400000000003274,Wir reden über Kapitaldeckung.
672,"00:50:52,840","00:50:55,400",3052.84,3055.4,2.5599999999999454,Wir reden über Nachhaltigkeitsfaktor.
673,"00:50:58,520","00:51:01,280",3058.52,3061.28,2.7600000000002183,Und es kann noch andere Themen geben.
674,"00:51:06,000","00:51:08,640",3066.0,3068.64,2.6399999999998727,Es soll also eine offene Debatte sein.
675,"00:51:14,840","00:51:18,400",3074.84,3078.4,3.5599999999999454,Kleinanleger und Sparer sollen hinzugezogen werden.
676,"00:51:23,240","00:51:25,280",3083.24,3085.28,2.0400000000004184,So heißt es im Moment.
677,"00:51:27,120","00:51:29,600",3087.12,3089.6,2.480000000000018,So funktioniert die Debatte.
678,"00:51:30,280","00:51:32,880",3090.28,3092.88,2.599999999999909,So geht es durch die sozialen Medien.
679,"00:51:32,960","00:51:34,480",3092.96,3094.48,1.5199999999999818,Alle sind empört.
680,"00:51:38,240","00:51:41,600",3098.24,3101.6,3.3600000000001273,Aber im Moment haben wir eine Kommission.
681,"00:51:44,280","00:51:47,280",3104.28,3107.28,3.0,Die wird ein Ergebnis herausfinden.
682,"00:51:48,560","00:51:51,480",3108.56,3111.48,2.9200000000000728,"Welches Ergebnis das ist, ist noch offen."
683,"00:51:55,560","00:51:58,760",3115.56,3118.76,3.200000000000273,Worauf können sich Union und SPD verständigen:
684,"00:51:58,840","00:52:00,480",3118.84,3120.48,1.6399999999998727,Darum geht es danach.
685,"00:52:04,040","00:52:08,400",3124.04,3128.4,4.360000000000127,Man kann doch nicht immer sofort die Stoppschilder aufstellen.
686,"00:52:08,480","00:52:10,080",3128.48,3130.08,1.599999999999909,So geht es nicht.
687,"00:52:13,320","00:52:16,000",3133.32,3136.0,2.6799999999998363,Die Kommission hat jetzt Prüfaufträge.
688,"00:52:17,920","00:52:20,920",3137.92,3140.92,3.0,Und danach werden wir das sachlich bewerten.
689,"00:52:26,040","00:52:29,760",3146.04,3149.76,3.7200000000002547,"Union und SPD sollten sich davon verabschieden,"
690,"00:52:29,880","00:52:32,640",3149.88,3152.64,2.7599999999997635,ihre Konflikte mit Geld zu zuschütten.
691,"00:52:40,040","00:52:43,120",3160.04,3163.12,3.0799999999999272,Mal kommt die Union von der einen Seite.
692,"00:52:43,240","00:52:46,240",3163.24,3166.24,3.0,Die SPD kommt von der anderen Seite.
693,"00:52:46,440","00:52:49,760",3166.44,3169.76,3.3200000000001637,Und dann wird Geld in die Mitte geworfen.
694,"00:52:53,440","00:52:55,880",3173.44,3175.88,2.4400000000000546,Das muss zu Ende sein. Da stimme ich zu.
695,"00:52:57,560","00:53:00,200",3177.56,3180.2,2.6399999999998727,Können beide Parteien zusammenkommen?
696,"00:53:04,800","00:53:08,200",3184.8,3188.2,3.399999999999636,Die Arbeitsministerin hat auch noch was gesagt.
697,"00:53:24,200","00:53:28,160",3204.2,3208.16,3.9600000000000364,"Für mich war der Arbeitgebertag für mich ein Schlüsselerlebnis,"
698,"00:53:32,240","00:53:36,280",3212.24,3216.28,4.040000000000418,"weil da deutlich geworden ist, gegen wen wir kämpfen müssen."
699,"00:53:39,080","00:53:41,480",3219.08,3221.48,2.400000000000091,Wie zuversichtlich sind Sie jetzt?
700,"00:53:42,960","00:53:47,440",3222.96,3227.44,4.480000000000018,Im dritten Jahr der Rezession würde ich Arbeitgeber beschäftigte
701,"00:53:47,560","00:53:49,120",3227.56,3229.12,1.5599999999999454,als Partner sehen.
702,"00:53:55,800","00:53:59,560",3235.8,3239.56,3.7599999999997635,"Beide Gruppen sollten mit den Ministern darüber reden,"
703,"00:53:59,680","00:54:02,040",3239.68,3242.04,2.3600000000001273,wie wir zu Wachstum kommen.
704,"00:54:02,560","00:54:05,480",3242.56,3245.48,2.9200000000000728,Über Gegnerschaft sollten wir nicht reden.
705,"00:54:13,640","00:54:17,880",3253.64,3257.88,4.2400000000002365,Die Gegner der Demokratie sind linker Mob und extreme Rechte.
706,"00:54:18,000","00:54:21,000",3258.0,3261.0,3.0,Das müssen wir klar haben in der Definition.
707,"00:54:27,120","00:54:29,960",3267.12,3269.96,2.8400000000001455,Können sich Union und SPD zusammenkommen?
708,"00:54:34,240","00:54:35,640",3274.24,3275.64,1.400000000000091,Wir müssen.
709,"00:54:37,480","00:54:40,320",3277.48,3280.32,2.8400000000001455,Wir sind zum Erfolg verpflichtet.
710,"00:54:40,440","00:54:42,200",3280.44,3282.2,1.7599999999997635,"Wer, wenn nicht wir?"
711,"00:54:46,280","00:54:48,480",3286.28,3288.48,2.199999999999818,Diese Koalition muss es machen.
712,"00:54:48,600","00:54:50,000",3288.6,3290.0,1.400000000000091,Wer sonst?
713,"00:54:51,440","00:54:54,040",3291.44,3294.04,2.599999999999909,Es ist mühsam und anstrengend.
714,"00:54:54,320","00:54:57,520",3294.32,3297.52,3.199999999999818,Wir fliegen gelegentlich aus der Kurve.
715,"00:54:58,320","00:55:01,840",3298.32,3301.84,3.519999999999982,"Aber wir haben die Pflicht, es hinzukriegen."
716,"00:55:03,600","00:55:06,920",3303.6,3306.92,3.3200000000001637,In der Migrationspolitik habe eine Wende.
717,"00:55:12,440","00:55:17,120",3312.44,3317.12,4.679999999999836,Wir rüsten die Bundeswehr auf. Wir führen die Musterung ein.
718,"00:55:18,680","00:55:21,920",3318.68,3321.92,3.2400000000002365,Wir haben Veränderungen am Industriestandort.
719,"00:55:24,840","00:55:27,400",3324.84,3327.4,2.5599999999999454,Diese Koalition muss es hinkriegen.
720,"00:55:31,440","00:55:34,040",3331.44,3334.04,2.599999999999909,Die Vorschläge werden also umgesetzt?
721,"00:55:38,040","00:55:41,000",3338.04,3341.0,2.9600000000000364,Über manche Themen wird diskutiert.
722,"00:55:43,480","00:55:45,800",3343.48,3345.8,2.3200000000001637,Nicht alles wird 1:1 umgesetzt.
723,"00:55:48,760","00:55:52,160",3348.76,3352.16,3.399999999999636,Aber wir bereiten das Rentensystem weiter vor.
724,"00:55:52,240","00:55:55,200",3352.24,3355.2,2.9600000000000364,Ich kann heute keine Garantien geben.
725,"00:55:55,360","00:55:57,800",3355.36,3357.8,2.4400000000000546,Aber wir haben den festen Willen.
726,"00:56:03,880","00:56:07,440",3363.88,3367.44,3.5599999999999454,Auch die SPD drückt diesen festen Willen aus.
727,"00:56:07,560","00:56:10,600",3367.56,3370.6,3.0399999999999636,Wir müssen gegenseitiges Vertrauen haben.
728,"00:56:10,720","00:56:12,440",3370.72,3372.44,1.7200000000002547,Sonst wird es nichts.
729,"00:56:15,400","00:56:18,400",3375.4,3378.4,3.0,Wir müssen Deutschland aus der Krise führen.
730,"00:56:21,040","00:56:22,600",3381.04,3382.6,1.5599999999999454,Was glauben Sie?
731,"00:56:31,080","00:56:34,120",3391.08,3394.12,3.0399999999999636,"Der Kongress der Jusos hat gefordert,"
732,"00:56:34,600","00:56:37,480",3394.6,3397.48,2.880000000000109,dass sie das in dieser Art und Weise sagt.
733,"00:56:37,600","00:56:39,600",3397.6,3399.6,2.0,Aber so tickt die SPD.
734,"00:56:40,120","00:56:42,000",3400.12,3402.0,1.8800000000001091,Die Union tickt anders.
735,"00:56:48,200","00:56:52,280",3408.2,3412.28,4.080000000000382,Und wir müssen auch über das aktuelle Rentenpaket sprechen.
736,"00:56:52,400","00:56:54,480",3412.4,3414.48,2.0799999999999272,Auch das ist schwierig.
737,"00:56:56,000","00:57:00,000",3416.0,3420.0,4.0,Die Daumenschrauben in der Union werden angezogen.
738,"00:57:00,920","00:57:05,400",3420.92,3425.4,4.480000000000018,Auch in der SPD hat es schmerzhafte Abstimmungen gegeben.
739,"00:57:05,720","00:57:09,720",3425.72,3429.72,4.0,Die Koalition hat sich verhakt in einem frühen Zeitpunkt.
740,"00:57:09,840","00:57:12,120",3429.84,3432.12,2.2799999999997453,Die Laune ist nicht mehr gut.
741,"00:57:12,240","00:57:14,520",3432.24,3434.52,2.2800000000002,Es gibt wenig Vertrauen.
742,"00:57:15,000","00:57:17,520",3435.0,3437.52,2.519999999999982,Da geht es auch um die Richterin.
743,"00:57:20,880","00:57:24,720",3440.88,3444.72,3.8399999999996908,Zweimal konnte keine Mehrheit garantiert werden.
744,"00:57:25,000","00:57:28,520",3445.0,3448.52,3.519999999999982,Ist das ungemütlich für den Fraktionsvorsitzenden?
745,"00:57:34,560","00:57:36,120",3454.56,3456.12,1.5599999999999454,Das muss gut gehen.
746,"00:57:39,000","00:57:42,720",3459.0,3462.72,3.7199999999998,"Sonst ist die Wahrscheinlichkeit nicht gering,"
747,"00:57:42,840","00:57:45,400",3462.84,3465.4,2.5599999999999454,dass es Jens Spahn den Kopf kosten könnte.
748,"00:57:46,560","00:57:48,080",3466.56,3468.08,1.5199999999999818,Hängt Ihr Amt daran?
749,"00:57:52,560","00:57:54,960",3472.56,3474.96,2.400000000000091,Ich soll die Mehrheiten besorgen.
750,"00:57:56,920","00:57:59,760",3476.92,3479.76,2.8400000000001455,Bisher hatten wir diese Mehrheiten immer.
751,"00:57:59,880","00:58:02,440",3479.88,3482.44,2.5599999999999454,Wir werden sie auch weiterhin haben.
752,"00:58:10,560","00:58:12,600",3490.56,3492.6,2.0399999999999636,"Wir schauen, was passiert."
753,"00:58:13,640","00:58:16,720",3493.64,3496.72,3.0799999999999272,"Jessy, was habt ihr bei den Tagesthemen vor?"
754,"00:58:23,160","00:58:26,400",3503.16,3506.4,3.2400000000002365,Bei uns geht es um die Zukunft der Ukraine.
755,"00:58:26,480","00:58:29,600",3506.48,3509.6,3.119999999999891,"Bevor die Verhandler aus den USA nach Moskau reisen,"
756,"00:58:29,680","00:58:33,800",3509.68,3513.8,4.120000000000346,haben sie sich in Floria getroffen mit der ukrainischen Delegation.
757,"00:58:33,880","00:58:36,920",3513.88,3516.92,3.0399999999999636,Welche Rolle spielen die Punkte aus dem US-Plan?
758,"00:58:37,040","00:58:39,320",3517.04,3519.32,2.2800000000002,Dazu gibt es mehr in den tagesthemen.
759,"00:58:40,920","00:58:43,200",3520.92,3523.2,2.2799999999997453,Ich bedanke mich bei meinen Gästen.
760,"00:58:44,360","00:58:46,440",3524.36,3526.44,2.0799999999999272,Vielen Dank fürs Zuschauen.
761,"00:58:47,160","00:58:48,360",3527.16,3528.36,1.2000000000002728,Tschüss.
762,"00:58:48,440","00:58:50,720",3528.44,3530.72,2.2799999999997453,Copyright Untertitel: NDR 2025
